tolerance_km,step_s,cell_km,cell_ratio,interp_stride,knot_gap_s,detections,events,conj,propagator_s,sgp4_s,interp_s,check_s,grouping_s,refine_s,probability_s,total_s,matched,ours_only,safe_only,jaccard,miss_err_median_m,miss_err_p99_m
47.1,6.0000,23.5,0.500,42,252.0,9119432,3899778,56038,0.137000,3.870000,1.402000,13.542000,1.009000,0.445000,0.456000,20.861000,56029,9,2377,0.959154,0.001,0.036
47.1,6.0000,25.9,0.550,42,252.0,10128710,4220129,56982,0.137000,3.870000,1.402000,13.824000,1.078000,0.459000,0.471000,21.241000,56974,8,1432,0.975348,0.001,0.035
47.1,6.0000,28.2,0.600,42,252.0,10857187,4354954,57714,0.137000,3.870000,1.402000,13.890000,1.117000,0.436000,0.451000,21.303000,57707,7,699,0.987914,0.001,0.036
47.1,6.0000,30.6,0.650,42,252.0,11374011,4409658,58018,0.137000,3.870000,1.402000,14.296000,1.155000,0.444000,0.472000,21.776000,58012,6,394,0.993152,0.001,0.037
47.1,6.0000,32.9,0.700,42,252.0,11722645,4441141,58237,0.137000,3.870000,1.402000,14.419000,1.205000,0.200000,0.826000,22.059000,58231,6,175,0.996901,0.001,0.037
47.1,6.0000,35.3,0.750,42,252.0,11952115,4463079,58348,0.137000,3.870000,1.402000,14.749000,1.248000,0.207000,0.825000,22.438000,58342,6,64,0.998802,0.001,0.037
47.1,6.0000,37.7,0.800,42,252.0,12091776,4475794,58384,0.137000,3.870000,1.402000,14.777000,1.424000,0.515000,0.478000,22.603000,58378,6,28,0.999418,0.001,0.037
47.1,6.0000,40.0,0.850,42,252.0,12173272,4484804,58404,0.137000,3.870000,1.402000,15.007000,1.277000,0.523000,0.463000,22.679000,58400,4,6,0.999829,0.001,0.037
47.1,6.0000,42.4,0.900,42,252.0,12210770,4489387,58408,0.137000,3.870000,1.402000,15.099000,1.304000,0.511000,0.481000,22.804000,58404,4,2,0.999897,0.001,0.037
47.1,6.0000,44.7,0.950,42,252.0,12224096,4491226,58408,0.137000,3.870000,1.402000,14.938000,1.286000,0.520000,0.458000,22.611000,58404,4,2,0.999897,0.001,0.037
47.1,6.0000,47.1,1.000,42,252.0,12225877,4491538,58408,0.137000,3.870000,1.402000,15.130000,1.693000,0.198000,0.359000,22.789000,58404,4,2,0.999897,0.001,0.037
47.1,6.0000,49.4,1.050,42,252.0,12225877,4491538,58408,0.137000,3.870000,1.402000,15.404000,1.259000,0.519000,0.442000,23.033000,58404,4,2,0.999897,0.001,0.037
47.1,6.0000,51.8,1.100,42,252.0,12225877,4491538,58408,0.137000,3.870000,1.402000,15.619000,1.331000,0.464000,0.339000,23.162000,58404,4,2,0.999897,0.001,0.037
47.1,6.0000,54.1,1.150,42,252.0,12225877,4491538,58408,0.137000,3.870000,1.402000,15.896000,1.539000,0.475000,0.340000,23.659000,58404,4,2,0.999897,0.001,0.037
47.1,6.0000,56.5,1.200,42,252.0,12225877,4491538,58408,0.137000,3.870000,1.402000,16.278000,1.273000,0.274000,0.372000,23.606000,58404,4,2,0.999897,0.001,0.037
56.4,7.2000,28.2,0.500,35,252.0,11284658,5196992,56121,0.080000,3.108000,1.468000,12.923000,1.147000,0.388000,0.453000,19.567000,56114,7,2292,0.960642,0.001,0.036
56.4,7.2000,31.0,0.550,35,252.0,12590676,5642281,57073,0.080000,3.108000,1.468000,13.267000,1.408000,0.560000,0.480000,20.371000,57067,6,1339,0.976974,0.001,0.037
56.4,7.2000,33.8,0.600,35,252.0,13527260,5839767,57669,0.080000,3.108000,1.468000,13.666000,1.624000,0.399000,0.344000,20.689000,57663,6,743,0.987177,0.001,0.037
56.4,7.2000,36.6,0.650,35,252.0,14203771,5931116,58042,0.080000,3.108000,1.468000,14.199000,1.484000,0.434000,0.352000,21.125000,58036,6,370,0.993563,0.001,0.037
56.4,7.2000,39.5,0.700,35,252.0,14661244,5983786,58224,0.080000,3.108000,1.468000,14.031000,1.587000,0.243000,0.939000,21.456000,58218,6,188,0.996679,0.001,0.038
56.4,7.2000,42.3,0.750,35,252.0,14959506,6016706,58358,0.080000,3.108000,1.468000,14.608000,1.798000,0.571000,0.437000,22.070000,58354,4,52,0.999041,0.001,0.038
56.4,7.2000,45.1,0.800,35,252.0,15141875,6038041,58391,0.080000,3.108000,1.468000,14.200000,1.676000,0.709000,0.346000,21.587000,58387,4,19,0.999606,0.001,0.038
56.4,7.2000,47.9,0.850,35,252.0,15245019,6051414,58403,0.080000,3.108000,1.468000,14.516000,1.562000,0.456000,0.418000,21.608000,58399,4,7,0.999812,0.001,0.038
56.4,7.2000,50.7,0.900,35,252.0,15293564,6058496,58409,0.080000,3.108000,1.468000,15.000000,1.649000,0.629000,0.453000,22.387000,58405,4,1,0.999914,0.001,0.038
56.4,7.2000,53.6,0.950,35,252.0,15309910,6061538,58410,0.080000,3.108000,1.468000,14.600000,1.723000,0.799000,0.352000,22.130000,58406,4,0,0.999932,0.001,0.038
56.4,7.2000,56.4,1.000,35,252.0,15312192,6062049,58410,0.080000,3.108000,1.468000,14.866000,1.592000,0.423000,0.347000,21.884000,58406,4,0,0.999932,0.001,0.038
56.4,7.2000,59.2,1.050,35,252.0,15312192,6062049,58410,0.080000,3.108000,1.468000,14.961000,1.659000,0.805000,0.345000,22.426000,58406,4,0,0.999932,0.001,0.038
56.4,7.2000,62.0,1.100,35,252.0,15312192,6062049,58410,0.080000,3.108000,1.468000,14.996000,1.602000,0.467000,0.347000,22.068000,58406,4,0,0.999932,0.001,0.038
56.4,7.2000,64.8,1.150,35,252.0,15312192,6062049,58410,0.080000,3.108000,1.468000,15.148000,1.615000,0.552000,0.346000,22.317000,58406,4,0,0.999932,0.001,0.038
56.4,7.2000,67.7,1.200,35,252.0,15312192,6062049,58410,0.080000,3.108000,1.468000,15.580000,1.648000,0.616000,0.359000,22.859000,58406,4,0,0.999932,0.001,0.038
62.6,8.0000,31.3,0.500,32,256.0,12879601,6160814,56092,0.082000,3.085000,0.750000,12.397000,2.084000,0.580000,0.352000,19.330000,56086,6,2320,0.960179,0.001,0.044
62.6,8.0000,34.4,0.550,32,256.0,14418008,6702580,57036,0.082000,3.085000,0.750000,11.599000,1.572000,0.255000,0.906000,18.249000,57030,6,1376,0.976340,0.001,0.044
62.6,8.0000,37.6,0.600,32,256.0,15530973,6951500,57671,0.082000,3.085000,0.750000,11.620000,1.679000,0.695000,0.481000,18.392000,57666,5,740,0.987246,0.001,0.043
62.6,8.0000,40.7,0.650,32,256.0,16313999,7065429,58031,0.082000,3.085000,0.750000,12.032000,1.914000,0.400000,0.344000,18.607000,58028,3,378,0.993477,0.001,0.044
62.6,8.0000,43.8,0.700,32,256.0,16851336,7131084,58234,0.082000,3.085000,0.750000,12.253000,1.750000,0.473000,0.347000,18.740000,58231,3,175,0.996953,0.001,0.044
62.6,8.0000,47.0,0.750,32,256.0,17196735,7174890,58343,0.082000,3.085000,0.750000,12.403000,1.893000,0.579000,0.353000,19.145000,58340,3,66,0.998819,0.001,0.044
62.6,8.0000,50.1,0.800,32,256.0,17410118,7202531,58384,0.082000,3.085000,0.750000,12.393000,2.091000,0.272000,0.356000,19.029000,58381,3,25,0.999521,0.001,0.044
62.6,8.0000,53.2,0.850,32,256.0,17530433,7220053,58404,0.082000,3.085000,0.750000,12.858000,2.116000,0.274000,0.345000,19.510000,58401,3,5,0.999863,0.001,0.044
62.6,8.0000,56.3,0.900,32,256.0,17587679,7229664,58406,0.082000,3.085000,0.750000,12.799000,2.183000,0.672000,0.353000,19.924000,58404,2,2,0.999932,0.001,0.044
62.6,8.0000,59.5,0.950,32,256.0,17607226,7233661,58406,0.082000,3.085000,0.750000,13.016000,2.051000,0.289000,0.341000,19.614000,58405,1,1,0.999966,0.001,0.044
62.6,8.0000,62.6,1.000,32,256.0,17609981,7234358,58406,0.082000,3.085000,0.750000,13.671000,2.075000,0.273000,0.346000,20.282000,58405,1,1,0.999966,0.001,0.044
62.6,8.0000,65.7,1.050,32,256.0,17609981,7234358,58406,0.082000,3.085000,0.750000,13.393000,2.151000,0.662000,0.351000,20.474000,58405,1,1,0.999966,0.001,0.044
62.6,8.0000,68.9,1.100,32,256.0,17609981,7234358,58406,0.082000,3.085000,0.750000,13.526000,2.082000,0.272000,0.358000,20.155000,58405,1,1,0.999966,0.001,0.044
62.6,8.0000,72.0,1.150,32,256.0,17609981,7234358,58406,0.082000,3.085000,0.750000,13.581000,2.068000,0.584000,0.340000,20.490000,58405,1,1,0.999966,0.001,0.044
62.6,8.0000,75.1,1.200,32,256.0,17609981,7234358,58406,0.082000,3.085000,0.750000,13.862000,2.080000,0.632000,0.354000,20.845000,58405,1,1,0.999966,0.001,0.044
70.4,9.0000,35.2,0.500,28,252.0,15094853,7472345,56024,0.070000,3.133000,1.248000,10.649000,1.808000,0.357000,0.351000,17.616000,56019,5,2387,0.959049,0.001,0.037
70.4,9.0000,38.7,0.550,28,252.0,16910726,8137215,57035,0.070000,3.133000,1.248000,10.772000,1.745000,0.478000,0.414000,17.860000,57030,5,1376,0.976357,0.001,0.037
70.4,9.0000,42.2,0.600,28,252.0,18243265,8446205,57634,0.070000,3.133000,1.248000,10.789000,1.863000,0.519000,0.408000,18.030000,57631,3,775,0.986680,0.001,0.037
70.4,9.0000,45.7,0.650,28,252.0,19170831,8593044,58051,0.070000,3.133000,1.248000,10.900000,2.185000,0.817000,0.503000,18.856000,58048,3,358,0.993819,0.001,0.037
70.4,9.0000,49.3,0.700,28,252.0,19816333,8679599,58226,0.070000,3.133000,1.248000,10.960000,2.384000,0.788000,0.350000,18.933000,58223,3,183,0.996816,0.001,0.037
70.4,9.0000,52.8,0.750,28,252.0,20234860,8738504,58341,0.070000,3.133000,1.248000,11.226000,2.170000,0.627000,0.441000,18.915000,58338,3,68,0.998784,0.001,0.038
70.4,9.0000,56.3,0.800,28,252.0,20487380,8777146,58381,0.070000,3.133000,1.248000,11.427000,2.157000,0.448000,0.351000,18.834000,58379,2,27,0.999503,0.001,0.037
70.4,9.0000,59.8,0.850,28,252.0,20630818,8800084,58399,0.070000,3.133000,1.248000,11.568000,2.189000,0.477000,0.360000,19.045000,58398,1,8,0.999846,0.001,0.038
70.4,9.0000,63.3,0.900,28,252.0,20699380,8812426,58406,0.070000,3.133000,1.248000,11.660000,2.191000,0.488000,0.352000,19.142000,58405,1,1,0.999966,0.001,0.038
70.4,9.0000,66.9,0.950,28,252.0,20722958,8817488,58407,0.070000,3.133000,1.248000,11.823000,2.163000,0.631000,0.447000,19.515000,58406,1,0,0.999983,0.001,0.038
70.4,9.0000,70.4,1.000,28,252.0,20726133,8818371,58407,0.070000,3.133000,1.248000,12.016000,2.568000,0.465000,0.362000,19.862000,58406,1,0,0.999983,0.001,0.038
70.4,9.0000,73.9,1.050,28,252.0,20726133,8818371,58407,0.070000,3.133000,1.248000,12.094000,2.316000,0.857000,0.495000,20.213000,58406,1,0,0.999983,0.001,0.038
70.4,9.0000,77.4,1.100,28,252.0,20726133,8818371,58407,0.070000,3.133000,1.248000,12.571000,2.142000,0.545000,0.414000,20.123000,58406,1,0,0.999983,0.001,0.038
70.4,9.0000,80.9,1.150,28,252.0,20726133,8818371,58407,0.070000,3.133000,1.248000,12.584000,2.184000,0.524000,0.353000,20.096000,58406,1,0,0.999983,0.001,0.038
70.4,9.0000,84.5,1.200,28,252.0,20726133,8818371,58407,0.070000,3.133000,1.248000,12.705000,2.446000,0.511000,0.366000,20.479000,58406,1,0,0.999983,0.001,0.038
78.2,10.0000,39.1,0.500,25,250.0,17467658,8893902,55974,0.078000,3.200000,1.033000,10.047000,1.935000,0.688000,0.450000,17.431000,55969,5,2437,0.958193,0.001,0.035
78.2,10.0000,43.0,0.550,25,250.0,19629773,9703708,57038,0.078000,3.200000,1.033000,10.550000,2.401000,0.814000,0.355000,18.431000,57035,3,1371,0.976476,0.001,0.037
78.2,10.0000,46.9,0.600,25,250.0,21205244,10075153,57667,0.078000,3.200000,1.033000,10.472000,2.775000,1.074000,0.348000,18.980000,57664,3,742,0.987245,0.001,0.037
78.2,10.0000,50.8,0.650,25,250.0,22303515,10259642,58008,0.078000,3.200000,1.033000,10.492000,2.792000,0.466000,0.370000,18.431000,58005,3,401,0.993083,0.001,0.036
78.2,10.0000,54.7,0.700,25,250.0,23058079,10373148,58204,0.078000,3.200000,1.033000,10.519000,2.893000,1.133000,0.346000,19.202000,58201,3,205,0.996439,0.001,0.036
78.2,10.0000,58.6,0.750,25,250.0,23553490,10447113,58329,0.078000,3.200000,1.033000,10.794000,3.346000,0.366000,0.347000,19.164000,58328,1,78,0.998647,0.001,0.036
78.2,10.0000,62.5,0.800,25,250.0,23855405,10495423,58374,0.078000,3.200000,1.033000,11.025000,2.513000,0.629000,0.437000,18.915000,58373,1,33,0.999418,0.001,0.037
78.2,10.0000,66.4,0.850,25,250.0,24024523,10524388,58401,0.078000,3.200000,1.033000,11.660000,2.594000,0.466000,0.362000,19.393000,58400,1,6,0.999880,0.001,0.037
78.2,10.0000,70.3,0.900,25,250.0,24105609,10539757,58405,0.078000,3.200000,1.033000,11.224000,2.884000,0.939000,0.356000,19.714000,58404,1,2,0.999949,0.001,0.037
78.2,10.0000,74.3,0.950,25,250.0,24133596,10545842,58407,0.078000,3.200000,1.033000,11.615000,3.033000,0.493000,0.360000,19.812000,58406,1,0,0.999983,0.001,0.037
78.2,10.0000,78.2,1.000,25,250.0,24137301,10546816,58407,0.078000,3.200000,1.033000,11.781000,2.627000,0.475000,0.360000,19.554000,58406,1,0,0.999983,0.001,0.037
78.2,10.0000,82.1,1.050,25,250.0,24137301,10546816,58407,0.078000,3.200000,1.033000,12.000000,2.841000,0.812000,0.353000,20.317000,58406,1,0,0.999983,0.001,0.037
78.2,10.0000,86.0,1.100,25,250.0,24137301,10546816,58407,0.078000,3.200000,1.033000,11.945000,3.096000,0.493000,0.357000,20.202000,58406,1,0,0.999983,0.001,0.037
78.2,10.0000,89.9,1.150,25,250.0,24137301,10546816,58407,0.078000,3.200000,1.033000,12.242000,2.597000,0.779000,0.362000,20.291000,58406,1,0,0.999983,0.001,0.037
78.2,10.0000,93.8,1.200,25,250.0,24137301,10546816,58407,0.078000,3.200000,1.033000,12.855000,2.585000,0.637000,0.443000,20.831000,58406,1,0,0.999983,0.001,0.037
84.4,10.8000,42.2,0.500,23,248.4,19508819,10107553,55972,0.086000,3.178000,0.556000,9.599000,3.042000,0.825000,0.359000,17.645000,55969,3,2437,0.958226,0.001,0.035
84.4,10.8000,46.4,0.550,23,248.4,21937429,11025425,57009,0.086000,3.178000,0.556000,8.956000,2.461000,0.956000,0.539000,16.732000,57006,3,1400,0.975980,0.001,0.036
84.4,10.8000,50.6,0.600,23,248.4,23687842,11456908,57600,0.086000,3.178000,0.556000,9.410000,2.900000,0.887000,0.354000,17.371000,57597,3,809,0.986098,0.001,0.036
84.4,10.8000,54.9,0.650,23,248.4,24955715,11674467,58004,0.086000,3.178000,0.556000,9.425000,2.652000,0.791000,0.358000,17.046000,58002,2,404,0.993049,0.001,0.036
84.4,10.8000,59.1,0.700,23,248.4,25797622,11810806,58230,0.086000,3.178000,0.556000,9.810000,3.269000,0.534000,0.363000,17.796000,58229,1,177,0.996952,0.001,0.036
84.4,10.8000,63.3,0.750,23,248.4,26355881,11902046,58336,0.086000,3.178000,0.556000,9.892000,3.166000,0.557000,0.366000,17.801000,58335,1,71,0.998767,0.001,0.037
84.4,10.8000,67.5,0.800,23,248.4,26693827,11961789,58381,0.086000,3.178000,0.556000,9.954000,3.390000,0.571000,0.366000,18.101000,58380,1,26,0.999538,0.001,0.037
84.4,10.8000,71.7,0.850,23,248.4,26885139,11996948,58400,0.086000,3.178000,0.556000,10.279000,3.176000,0.564000,0.369000,18.208000,58400,0,6,0.999897,0.001,0.037
84.4,10.8000,75.9,0.900,23,248.4,26975377,12015343,58404,0.086000,3.178000,0.556000,10.510000,3.424000,0.595000,0.365000,18.714000,58404,0,2,0.999966,0.001,0.037
84.4,10.8000,80.2,0.950,23,248.4,27006294,12023281,58405,0.086000,3.178000,0.556000,10.591000,3.114000,0.591000,0.364000,18.480000,58405,0,1,0.999983,0.001,0.037
84.4,10.8000,84.4,1.000,23,248.4,27010403,12024538,58405,0.086000,3.178000,0.556000,10.667000,3.553000,0.547000,0.351000,18.938000,58405,0,1,0.999983,0.001,0.037
84.4,10.8000,88.6,1.050,23,248.4,27010403,12024538,58405,0.086000,3.178000,0.556000,11.101000,3.222000,0.496000,0.367000,19.006000,58405,0,1,0.999983,0.001,0.037
84.4,10.8000,92.8,1.100,23,248.4,27010403,12024538,58405,0.086000,3.178000,0.556000,11.199000,3.375000,0.545000,0.364000,19.303000,58405,0,1,0.999983,0.001,0.037
84.4,10.8000,97.0,1.150,23,248.4,27010403,12024538,58405,0.086000,3.178000,0.556000,11.557000,3.204000,0.574000,0.365000,19.520000,58405,0,1,0.999983,0.001,0.037
84.4,10.8000,101.3,1.200,23,248.4,27010403,12024538,58405,0.086000,3.178000,0.556000,11.840000,3.399000,0.590000,0.365000,20.014000,58405,0,1,0.999983,0.001,0.037
93.7,12.0000,46.9,0.500,21,252.0,22776829,12048522,56114,0.080000,3.289000,0.493000,8.689000,2.929000,0.523000,0.361000,16.364000,56111,3,2295,0.960657,0.001,0.037
93.7,12.0000,51.6,0.550,21,252.0,25624216,13144497,57012,0.080000,3.289000,0.493000,8.500000,3.231000,0.593000,0.364000,16.550000,57009,3,1397,0.976031,0.001,0.037
93.7,12.0000,56.2,0.600,21,252.0,27694889,13673963,57613,0.080000,3.289000,0.493000,8.697000,3.612000,0.613000,0.361000,17.145000,57612,1,794,0.986389,0.001,0.037
93.7,12.0000,60.9,0.650,21,252.0,29200885,13953981,58019,0.080000,3.289000,0.493000,9.047000,3.818000,0.661000,0.366000,17.754000,58018,1,388,0.993340,0.001,0.038
93.7,12.0000,65.6,0.700,21,252.0,30191701,14134246,58224,0.080000,3.289000,0.493000,9.306000,4.003000,0.701000,0.366000,18.238000,58223,1,183,0.996850,0.001,0.037
93.7,12.0000,70.3,0.750,21,252.0,30850259,14249817,58340,0.080000,3.289000,0.493000,9.428000,4.074000,0.713000,0.367000,18.444000,58340,0,66,0.998870,0.001,0.038
93.7,12.0000,75.0,0.800,21,252.0,31244844,14324269,58382,0.080000,3.289000,0.493000,9.683000,3.959000,0.723000,0.372000,18.599000,58382,0,24,0.999589,0.001,0.038
93.7,12.0000,79.7,0.850,21,252.0,31465501,14370382,58401,0.080000,3.289000,0.493000,10.461000,3.482000,0.565000,0.371000,18.741000,58401,0,5,0.999914,0.001,0.038
93.7,12.0000,84.4,0.900,21,252.0,31573118,14394016,58405,0.080000,3.289000,0.493000,10.607000,3.601000,0.533000,0.370000,18.973000,58405,0,1,0.999983,0.001,0.038
93.7,12.0000,89.0,0.950,21,252.0,31609192,14403390,58406,0.080000,3.289000,0.493000,10.858000,3.288000,0.616000,0.515000,19.139000,58406,0,0,1.000000,0.001,0.038
93.7,12.0000,93.7,1.000,21,252.0,31614218,14404981,58406,0.080000,3.289000,0.493000,10.520000,3.916000,0.640000,0.371000,19.309000,58406,0,0,1.000000,0.001,0.038
93.7,12.0000,98.4,1.050,21,252.0,31614218,14404981,58406,0.080000,3.289000,0.493000,10.961000,4.001000,0.656000,0.368000,19.848000,58406,0,0,1.000000,0.001,0.038
93.7,12.0000,103.1,1.100,21,252.0,31614218,14404981,58406,0.080000,3.289000,0.493000,11.522000,3.911000,1.015000,0.372000,20.682000,58406,0,0,1.000000,0.001,0.038
93.7,12.0000,107.8,1.150,21,252.0,31614218,14404981,58406,0.080000,3.289000,0.493000,11.726000,4.354000,0.697000,0.371000,21.010000,58406,0,0,1.000000,0.001,0.038
93.7,12.0000,112.5,1.200,21,252.0,31614218,14404981,58406,0.080000,3.289000,0.493000,11.734000,4.232000,0.723000,0.374000,20.925000,58406,0,0,1.000000,0.001,0.038
105.4,13.5000,52.7,0.500,19,256.5,27263950,14765303,56028,0.078000,3.202000,0.456000,7.810000,3.182000,0.488000,1.975000,17.191000,56025,3,2381,0.959184,0.001,0.043
105.4,13.5000,58.0,0.550,19,256.5,30754540,16148614,57030,0.078000,3.202000,0.456000,8.089000,3.367000,0.753000,0.349000,16.294000,57029,1,1377,0.976407,0.001,0.043
105.4,13.5000,63.3,0.600,19,256.5,33332466,16818932,57614,0.078000,3.202000,0.456000,8.321000,3.702000,0.770000,0.352000,16.881000,57613,1,793,0.986406,0.001,0.043
105.4,13.5000,68.5,0.650,19,256.5,35123692,17162870,57992,0.078000,3.202000,0.456000,8.429000,4.760000,0.716000,0.355000,17.996000,57992,0,414,0.992912,0.001,0.044
105.4,13.5000,73.8,0.700,19,256.5,36361299,17386098,58232,0.078000,3.202000,0.456000,8.710000,4.700000,0.662000,0.377000,18.185000,58232,0,174,0.997021,0.001,0.044
105.4,13.5000,79.1,0.750,19,256.5,37166178,17527305,58332,0.078000,3.202000,0.456000,9.196000,4.078000,0.943000,0.352000,18.305000,58332,0,74,0.998733,0.001,0.044
105.4,13.5000,84.3,0.800,19,256.5,37674191,17614587,58378,0.078000,3.202000,0.456000,9.530000,4.094000,0.876000,0.351000,18.587000,58378,0,28,0.999521,0.001,0.044
105.4,13.5000,89.6,0.850,19,256.5,37948139,17666834,58395,0.078000,3.202000,0.456000,9.735000,4.234000,0.951000,0.356000,19.012000,58395,0,11,0.999812,0.001,0.044
105.4,13.5000,94.9,0.900,19,256.5,38083941,17695135,58405,0.078000,3.202000,0.456000,9.936000,4.312000,0.657000,0.353000,18.994000,58405,0,1,0.999983,0.001,0.044
105.4,13.5000,100.1,0.950,19,256.5,38129987,17706453,58405,0.078000,3.202000,0.456000,10.111000,4.283000,0.666000,0.354000,19.150000,58405,0,1,0.999983,0.001,0.044
105.4,13.5000,105.4,1.000,19,256.5,38136219,17708371,58405,0.078000,3.202000,0.456000,10.319000,4.191000,0.948000,0.382000,19.576000,58405,0,1,0.999983,0.001,0.044
105.4,13.5000,110.7,1.050,19,256.5,38136219,17708371,58405,0.078000,3.202000,0.456000,10.660000,4.956000,0.659000,0.361000,20.372000,58405,0,1,0.999983,0.001,0.044
105.4,13.5000,116.0,1.100,19,256.5,38136219,17708371,58405,0.078000,3.202000,0.456000,10.977000,4.414000,0.616000,0.358000,20.101000,58405,0,1,0.999983,0.001,0.044
105.4,13.5000,121.2,1.150,19,256.5,38136219,17708371,58405,0.078000,3.202000,0.456000,11.151000,4.048000,0.830000,0.354000,20.119000,58405,0,1,0.999983,0.001,0.044
105.4,13.5000,126.5,1.200,19,256.5,38136219,17708371,58405,0.078000,3.202000,0.456000,11.464000,4.323000,0.663000,0.361000,20.547000,58405,0,1,0.999983,0.001,0.044
117.1,15.0000,58.6,0.500,17,255.0,32350002,17853202,55947,0.079000,3.120000,0.443000,7.408000,4.575000,0.805000,0.344000,16.774000,55946,1,2460,0.957865,0.001,0.042
117.1,15.0000,64.4,0.550,17,255.0,36651866,19547616,57052,0.079000,3.120000,0.443000,7.188000,5.173000,0.766000,0.347000,17.116000,57051,1,1355,0.976784,0.001,0.043
117.1,15.0000,70.3,0.600,17,255.0,39750887,20366643,57660,0.079000,3.120000,0.443000,7.786000,4.358000,0.977000,0.364000,17.127000,57660,0,746,0.987227,0.001,0.043
117.1,15.0000,76.1,0.650,17,255.0,41935524,20778507,57985,0.079000,3.120000,0.443000,8.302000,4.633000,1.040000,0.356000,17.973000,57985,0,421,0.992792,0.001,0.043
117.1,15.0000,82.0,0.700,17,255.0,43430171,21029780,58204,0.079000,3.120000,0.443000,8.269000,5.177000,0.744000,0.362000,18.194000,58204,0,202,0.996541,0.001,0.044
117.1,15.0000,87.8,0.750,17,255.0,44409887,21196480,58324,0.079000,3.120000,0.443000,8.335000,5.595000,0.744000,0.356000,18.672000,58324,0,82,0.998596,0.001,0.044
117.1,15.0000,93.7,0.800,17,255.0,45019678,21302096,58379,0.079000,3.120000,0.443000,8.838000,5.316000,0.749000,0.362000,18.907000,58379,0,27,0.999538,0.001,0.044
117.1,15.0000,99.5,0.850,17,255.0,45355207,21362708,58396,0.079000,3.120000,0.443000,8.930000,5.593000,1.131000,0.356000,19.652000,58396,0,10,0.999829,0.001,0.044
117.1,15.0000,105.4,0.900,17,255.0,45519225,21399497,58406,0.079000,3.120000,0.443000,9.324000,6.162000,1.299000,0.373000,20.800000,58406,0,0,1.000000,0.001,0.044
117.1,15.0000,111.3,0.950,17,255.0,45573553,21415370,58406,0.079000,3.120000,0.443000,9.428000,6.067000,1.209000,0.354000,20.700000,58406,0,0,1.000000,0.001,0.044
117.1,15.0000,117.1,1.000,17,255.0,45581192,21418037,58406,0.079000,3.120000,0.443000,9.953000,5.568000,0.781000,0.358000,20.302000,58406,0,0,1.000000,0.001,0.044
117.1,15.0000,123.0,1.050,17,255.0,45581192,21418037,58406,0.079000,3.120000,0.443000,9.914000,4.894000,1.027000,0.353000,19.830000,58406,0,0,1.000000,0.001,0.044
117.1,15.0000,128.8,1.100,17,255.0,45581192,21418037,58406,0.079000,3.120000,0.443000,10.570000,5.067000,0.998000,0.356000,20.633000,58406,0,0,1.000000,0.001,0.044
117.1,15.0000,134.7,1.150,17,255.0,45581192,21418037,58406,0.079000,3.120000,0.443000,10.519000,5.911000,0.759000,0.368000,21.199000,58406,0,0,1.000000,0.001,0.044
117.1,15.0000,140.5,1.200,17,255.0,45581192,21418037,58406,0.079000,3.120000,0.443000,11.113000,5.613000,0.738000,0.358000,21.464000,58406,0,0,1.000000,0.001,0.044
