tolerance_km,step_s,cell_km,cell_ratio,interp_stride,knot_gap_s,detections,events,conj,propagator_s,sgp4_s,interp_s,check_s,grouping_s,refine_s,probability_s,total_s,matched,ours_only,safe_only,jaccard
70.4,9.0000,70.4,1.000,22,198.0,20726251,8818471,58407,0.150000,4.045000,0.713000,12.209000,2.109000,0.594000,0.366000,20.186000,58406,1,0,0.999983
70.4,9.0000,70.4,1.000,28,252.0,20726133,8818371,58407,0.073000,3.226000,1.252000,12.058000,2.144000,0.406000,0.367000,19.526000,58406,1,0,0.999983
70.4,9.0000,70.4,1.000,33,297.0,20726064,8818267,58407,0.084000,2.735000,0.662000,11.587000,2.210000,1.016000,0.372000,18.666000,58406,1,0,0.999983
70.4,9.0000,70.4,1.000,39,351.0,20725874,8818082,58407,0.071000,2.346000,0.652000,12.067000,2.419000,0.315000,0.367000,18.237000,58406,1,0,0.999983
70.4,9.0000,70.4,1.000,44,396.0,20725589,8817817,58403,0.073000,2.032000,0.662000,11.908000,2.478000,0.718000,0.370000,18.241000,58402,1,4,0.999914
70.4,9.0000,70.4,1.000,50,450.0,20725218,8817399,58392,0.070000,1.780000,0.648000,11.852000,2.215000,0.836000,0.540000,17.941000,58391,1,15,0.999726
70.4,9.0000,70.4,1.000,56,504.0,20724613,8816681,58372,0.070000,1.599000,1.305000,11.865000,2.477000,0.861000,0.381000,18.558000,58371,1,35,0.999384
84.4,10.8000,84.4,1.000,19,205.2,27010407,12024558,58405,0.080000,3.902000,0.550000,10.848000,3.140000,0.476000,0.366000,19.362000,58405,0,1,0.999983
84.4,10.8000,84.4,1.000,23,248.4,27010403,12024538,58405,0.070000,3.285000,0.556000,11.009000,3.212000,0.583000,0.366000,19.081000,58405,0,1,0.999983
84.4,10.8000,84.4,1.000,28,302.4,27010199,12024361,58405,0.084000,2.685000,1.138000,10.608000,3.608000,0.512000,0.384000,19.019000,58405,0,1,0.999983
84.4,10.8000,84.4,1.000,32,345.6,27010003,12024098,58405,0.080000,2.409000,0.555000,10.451000,2.912000,1.584000,0.408000,18.399000,58405,0,1,0.999983
84.4,10.8000,84.4,1.000,37,399.6,27009580,12023715,58397,0.081000,2.112000,1.074000,10.972000,3.279000,0.525000,0.369000,18.412000,58397,0,9,0.999846
84.4,10.8000,84.4,1.000,42,453.6,27009214,12023183,58388,0.081000,1.855000,0.957000,11.050000,3.342000,0.513000,0.382000,18.180000,58388,0,18,0.999692
84.4,10.8000,84.4,1.000,46,496.8,27008355,12022485,58376,0.081000,1.665000,0.655000,11.330000,2.841000,0.568000,0.538000,17.678000,58376,0,30,0.999486
93.7,12.0000,93.7,1.000,17,204.0,31614270,14405088,58406,0.081000,3.915000,0.500000,10.687000,3.912000,0.903000,0.378000,20.376000,58406,0,0,1.000000
93.7,12.0000,93.7,1.000,21,252.0,31614218,14404981,58406,0.080000,3.367000,0.531000,10.813000,3.367000,0.672000,0.364000,19.194000,58406,0,0,1.000000
93.7,12.0000,93.7,1.000,25,300.0,31613961,14404728,58405,0.070000,2.607000,0.495000,10.527000,3.924000,0.608000,0.380000,18.611000,58405,0,1,0.999983
93.7,12.0000,93.7,1.000,29,348.0,31613747,14404421,58405,0.082000,2.483000,0.588000,10.693000,3.448000,0.613000,0.369000,18.276000,58405,0,1,0.999983
93.7,12.0000,93.7,1.000,33,396.0,31613367,14403883,58402,0.081000,2.151000,0.582000,10.530000,3.561000,1.531000,0.367000,18.803000,58402,0,4,0.999932
93.7,12.0000,93.7,1.000,38,456.0,31612558,14402950,58393,0.073000,1.783000,0.490000,10.529000,4.123000,0.927000,0.380000,18.305000,58393,0,13,0.999777
93.7,12.0000,93.7,1.000,42,504.0,31611271,14401696,58371,0.081000,1.632000,0.603000,10.981000,3.587000,0.559000,0.386000,17.829000,58371,0,35,0.999401
105.4,13.5000,105.4,1.000,15,202.5,38136366,17708504,58405,0.081000,3.920000,0.459000,9.604000,4.302000,1.808000,0.774000,20.948000,58405,0,1,0.999983
105.4,13.5000,105.4,1.000,19,256.5,38136219,17708371,58405,0.081000,3.175000,0.450000,10.450000,4.656000,0.623000,0.392000,19.827000,58405,0,1,0.999983
105.4,13.5000,105.4,1.000,22,297.0,38136073,17708175,58405,0.081000,2.740000,0.544000,10.575000,4.533000,0.962000,0.379000,19.814000,58405,0,1,0.999983
105.4,13.5000,105.4,1.000,26,351.0,38135647,17707685,58405,0.080000,2.325000,0.528000,10.536000,4.655000,0.618000,0.374000,19.116000,58405,0,1,0.999983
105.4,13.5000,105.4,1.000,30,405.0,38135140,17706816,58399,0.069000,1.952000,0.432000,10.436000,4.574000,0.944000,0.378000,18.785000,58399,0,7,0.999880
105.4,13.5000,105.4,1.000,33,445.5,38134347,17706039,58395,0.081000,1.920000,0.557000,10.832000,4.338000,0.670000,0.374000,18.772000,58395,0,11,0.999812
105.4,13.5000,105.4,1.000,37,499.5,38132945,17704595,58370,0.073000,1.598000,0.428000,10.010000,4.713000,0.723000,0.372000,17.917000,58370,0,36,0.999384
117.1,15.0000,117.1,1.000,13,195.0,45581478,21418282,58406,0.073000,3.924000,0.796000,9.794000,5.895000,0.741000,0.364000,21.587000,58406,0,0,1.000000
117.1,15.0000,117.1,1.000,17,255.0,45581192,21418037,58406,0.081000,3.148000,0.689000,10.104000,5.792000,0.776000,0.433000,21.023000,58406,0,0,1.000000
117.1,15.0000,117.1,1.000,20,300.0,45580843,21417652,58405,0.084000,3.134000,0.597000,9.742000,6.017000,1.200000,0.380000,21.154000,58405,0,1,0.999983
117.1,15.0000,117.1,1.000,23,345.0,45580247,21417064,58405,0.085000,2.362000,0.457000,10.251000,5.050000,0.991000,0.374000,19.570000,58405,0,1,0.999983
117.1,15.0000,117.1,1.000,27,405.0,45579109,21416072,58400,0.081000,2.024000,0.591000,10.419000,5.202000,0.797000,0.377000,19.491000,58400,0,6,0.999897
117.1,15.0000,117.1,1.000,30,450.0,45577599,21414635,58391,0.080000,1.894000,0.680000,10.326000,5.277000,0.738000,0.366000,19.361000,58391,0,15,0.999743
117.1,15.0000,117.1,1.000,33,495.0,45575875,21412895,58372,0.071000,1.625000,0.402000,10.426000,5.256000,0.773000,0.384000,18.937000,58372,0,34,0.999418
