tolerance_km,step_s,cell_km,interp_stride,knot_gap_s,detections,events,conj,propagator_s,sgp4_s,interp_s,check_s,grouping_s,refine_s,probability_s,total_s,matched,ours_only,safe_only,jaccard,miss_err_median_m,miss_err_p99_m
84,9.3750,70.0,1,9.4,30565154,12410933,58406,0.077000,82.437000,0.000000,11.303000,3.481000,0.432000,1.277000,99.007000,58406,0,0,1.000000,0.000,0.000
84,9.3750,70.0,1,9.4,30565154,12410933,58406,0.068000,81.832000,0.000000,12.754000,3.796000,0.420000,0.372000,99.242000,58406,0,0,1.000000,0.000,0.000
84,9.3750,70.0,1,9.4,30565154,12410933,58406,0.070000,82.325000,0.000000,11.473000,3.482000,1.206000,0.458000,99.014000,58406,0,0,1.000000,0.000,0.000
84,9.3750,70.0,1,9.4,30565154,12410933,58406,0.067000,82.615000,0.000000,13.044000,3.180000,1.116000,0.390000,100.412000,58406,0,0,1.000000,0.000,0.000
84,9.3750,70.0,1,9.4,30565154,12410933,58406,0.068000,82.814000,0.000000,12.165000,3.562000,0.416000,0.376000,99.401000,58406,0,0,1.000000,0.000,0.000
84,9.3750,70.0,4,37.5,30565142,12410918,58406,0.067000,20.882000,0.696000,10.892000,3.714000,2.353000,0.403000,39.007000,58404,2,2,0.999932,0.000,0.000
84,9.3750,70.0,4,37.5,30565142,12410918,58406,0.084000,20.278000,0.934000,11.637000,3.461000,2.112000,0.413000,38.919000,58404,2,2,0.999932,0.000,0.000
84,9.3750,70.0,4,37.5,30565142,12410918,58406,0.076000,20.743000,1.087000,11.877000,3.931000,0.581000,0.375000,38.670000,58404,2,2,0.999932,0.000,0.000
84,9.3750,70.0,4,37.5,30565142,12410918,58406,0.075000,20.597000,0.939000,11.816000,3.489000,0.434000,0.369000,37.719000,58404,2,2,0.999932,0.000,0.000
84,9.3750,70.0,4,37.5,30565142,12410918,58406,0.066000,22.288000,0.707000,12.435000,4.088000,1.146000,0.375000,41.105000,58404,2,2,0.999932,0.000,0.000
84,9.3750,70.0,9,84.4,30565151,12410926,58406,0.067000,9.143000,0.654000,12.630000,3.482000,0.444000,2.369000,28.789000,58401,5,5,0.999829,0.000,0.000
84,9.3750,70.0,9,84.4,30565151,12410926,58406,0.078000,9.403000,0.649000,12.171000,3.761000,0.643000,0.403000,27.108000,58401,5,5,0.999829,0.000,0.000
84,9.3750,70.0,9,84.4,30565151,12410926,58406,0.076000,9.400000,0.652000,12.552000,4.106000,0.426000,0.383000,27.595000,58401,5,5,0.999829,0.000,0.000
84,9.3750,70.0,9,84.4,30565151,12410926,58406,0.067000,9.624000,0.651000,13.727000,3.164000,0.430000,0.388000,28.051000,58401,5,5,0.999829,0.000,0.000
84,9.3750,70.0,9,84.4,30565151,12410926,58406,0.066000,9.270000,1.035000,12.586000,3.273000,0.854000,0.481000,27.565000,58401,5,5,0.999829,0.000,0.000
84,9.3750,70.0,13,121.9,30565161,12410920,58406,0.084000,6.519000,0.730000,12.609000,3.500000,0.437000,2.147000,26.026000,58402,4,4,0.999863,0.000,0.001
84,9.3750,70.0,13,121.9,30565161,12410920,58406,0.067000,6.579000,0.639000,12.709000,4.270000,0.426000,0.404000,25.094000,58402,4,4,0.999863,0.000,0.001
84,9.3750,70.0,13,121.9,30565161,12410920,58406,0.066000,6.712000,0.648000,11.489000,4.451000,0.492000,0.380000,24.238000,58402,4,4,0.999863,0.000,0.001
84,9.3750,70.0,13,121.9,30565161,12410920,58406,0.067000,6.587000,0.646000,12.542000,3.193000,1.040000,0.455000,24.530000,58402,4,4,0.999863,0.000,0.001
84,9.3750,70.0,13,121.9,30565161,12410920,58406,0.067000,6.412000,0.675000,13.311000,3.680000,0.430000,0.441000,25.016000,58402,4,4,0.999863,0.000,0.001
84,9.3750,70.0,17,159.4,30565104,12410907,58406,0.067000,5.053000,1.300000,12.037000,3.308000,0.845000,0.410000,23.020000,58402,4,4,0.999863,0.000,0.002
84,9.3750,70.0,17,159.4,30565104,12410907,58406,0.077000,5.137000,0.671000,12.812000,3.943000,2.065000,0.398000,25.103000,58402,4,4,0.999863,0.000,0.002
84,9.3750,70.0,17,159.4,30565104,12410907,58406,0.076000,5.127000,0.642000,12.720000,3.497000,0.441000,2.227000,24.730000,58402,4,4,0.999863,0.000,0.002
84,9.3750,70.0,17,159.4,30565104,12410907,58406,0.069000,5.176000,0.643000,13.583000,3.624000,1.101000,0.368000,24.564000,58402,4,4,0.999863,0.000,0.002
84,9.3750,70.0,17,159.4,30565104,12410907,58406,0.069000,4.924000,0.664000,12.824000,3.463000,0.442000,1.708000,24.094000,58402,4,4,0.999863,0.000,0.002
84,9.3750,70.0,21,196.9,30565044,12410819,58406,0.069000,4.860000,0.640000,12.845000,4.413000,0.433000,0.377000,23.637000,58404,2,2,0.999932,0.000,0.006
84,9.3750,70.0,21,196.9,30565044,12410819,58406,0.069000,4.026000,0.641000,12.693000,4.623000,0.420000,0.384000,22.856000,58404,2,2,0.999932,0.000,0.006
84,9.3750,70.0,21,196.9,30565044,12410819,58406,0.068000,4.159000,1.248000,12.272000,3.380000,0.529000,0.399000,22.055000,58404,2,2,0.999932,0.000,0.006
84,9.3750,70.0,21,196.9,30565044,12410819,58406,0.077000,4.218000,1.247000,11.867000,3.155000,0.555000,0.472000,21.591000,58404,2,2,0.999932,0.000,0.006
84,9.3750,70.0,21,196.9,30565044,12410819,58406,0.076000,4.101000,0.637000,12.997000,3.926000,2.180000,0.376000,24.293000,58404,2,2,0.999932,0.000,0.006
84,9.3750,70.0,26,243.8,30564970,12410792,58406,0.077000,3.460000,0.668000,12.571000,4.495000,0.798000,0.389000,22.458000,58403,3,3,0.999897,0.001,0.030
84,9.3750,70.0,26,243.8,30564970,12410792,58406,0.077000,3.358000,0.927000,12.834000,3.520000,0.810000,0.382000,21.908000,58403,3,3,0.999897,0.001,0.030
84,9.3750,70.0,26,243.8,30564970,12410792,58406,0.067000,3.393000,0.693000,12.827000,3.473000,0.436000,2.167000,23.056000,58403,3,3,0.999897,0.001,0.030
84,9.3750,70.0,26,243.8,30564970,12410792,58406,0.067000,3.343000,1.039000,11.868000,3.796000,0.552000,0.408000,21.073000,58403,3,3,0.999897,0.001,0.030
84,9.3750,70.0,26,243.8,30564970,12410792,58406,0.076000,3.405000,1.145000,12.254000,3.387000,0.539000,0.407000,21.213000,58403,3,3,0.999897,0.001,0.030
84,9.3750,70.0,30,281.3,30564887,12410670,58406,0.077000,2.933000,0.635000,12.815000,3.409000,0.588000,0.396000,20.853000,58403,3,3,0.999897,0.003,0.092
84,9.3750,70.0,30,281.3,30564887,12410670,58406,0.076000,2.948000,0.935000,12.597000,3.345000,0.559000,0.392000,20.852000,58403,3,3,0.999897,0.003,0.092
84,9.3750,70.0,30,281.3,30564887,12410670,58406,0.077000,2.948000,1.233000,12.068000,3.655000,1.030000,0.397000,21.408000,58403,3,3,0.999897,0.003,0.092
84,9.3750,70.0,30,281.3,30564887,12410670,58406,0.077000,2.990000,1.136000,12.149000,3.503000,0.871000,0.393000,21.119000,58403,3,3,0.999897,0.003,0.092
84,9.3750,70.0,30,281.3,30564887,12410670,58406,0.076000,2.988000,0.964000,12.156000,3.250000,0.652000,0.493000,20.579000,58403,3,3,0.999897,0.003,0.092
84,9.3750,70.0,34,318.8,30564679,12410495,58406,0.076000,2.679000,0.635000,13.118000,3.268000,0.593000,0.398000,20.767000,58404,2,2,0.999932,0.010,0.296
84,9.3750,70.0,34,318.8,30564679,12410495,58406,0.076000,2.642000,0.634000,12.658000,4.523000,0.834000,0.396000,21.763000,58404,2,2,0.999932,0.010,0.296
84,9.3750,70.0,34,318.8,30564679,12410495,58406,0.067000,2.564000,0.635000,12.917000,4.257000,0.874000,0.409000,21.723000,58404,2,2,0.999932,0.010,0.296
84,9.3750,70.0,34,318.8,30564679,12410495,58406,0.076000,2.580000,0.638000,12.579000,3.474000,1.691000,0.827000,21.865000,58404,2,2,0.999932,0.010,0.296
84,9.3750,70.0,34,318.8,30564679,12410495,58406,0.067000,2.623000,0.640000,12.737000,4.383000,0.823000,0.396000,21.669000,58404,2,2,0.999932,0.010,0.296
84,9.3750,70.0,38,356.3,30564395,12410308,58405,0.067000,2.233000,0.646000,12.739000,3.463000,0.440000,2.330000,21.918000,58401,4,5,0.999846,0.030,0.777
84,9.3750,70.0,38,356.3,30564395,12410308,58405,0.067000,2.308000,1.308000,11.895000,3.410000,0.531000,0.406000,19.925000,58401,4,5,0.999846,0.030,0.777
84,9.3750,70.0,38,356.3,30564395,12410308,58405,0.076000,2.335000,1.181000,11.950000,3.186000,0.626000,0.465000,19.819000,58401,4,5,0.999846,0.030,0.777
84,9.3750,70.0,38,356.3,30564395,12410308,58405,0.077000,2.357000,0.656000,13.260000,3.303000,0.595000,0.390000,20.638000,58401,4,5,0.999846,0.030,0.777
84,9.3750,70.0,38,356.3,30564395,12410308,58405,0.077000,2.415000,1.059000,11.993000,3.255000,0.585000,0.394000,19.778000,58401,4,5,0.999846,0.030,0.777
84,9.3750,70.0,43,403.1,30564022,12409801,58402,0.076000,2.174000,0.694000,12.863000,4.310000,0.781000,0.390000,21.288000,58399,3,7,0.999829,0.106,2.348
84,9.3750,70.0,43,403.1,30564022,12409801,58402,0.076000,2.084000,0.733000,12.743000,3.298000,0.583000,0.396000,19.913000,58399,3,7,0.999829,0.106,2.348
84,9.3750,70.0,43,403.1,30564022,12409801,58402,0.077000,2.112000,0.689000,13.237000,3.415000,0.577000,0.391000,20.498000,58399,3,7,0.999829,0.106,2.348
84,9.3750,70.0,43,403.1,30564022,12409801,58402,0.067000,2.025000,0.720000,12.829000,3.562000,1.033000,0.391000,20.627000,58399,3,7,0.999829,0.106,2.348
84,9.3750,70.0,43,403.1,30564022,12409801,58402,0.067000,2.020000,0.642000,12.829000,4.135000,0.908000,0.404000,21.005000,58399,3,7,0.999829,0.106,2.348
84,9.3750,70.0,47,440.6,30563784,12409460,58389,0.076000,1.913000,0.748000,12.674000,4.548000,0.840000,0.398000,21.197000,58387,2,19,0.999640,0.252,5.331
84,9.3750,70.0,47,440.6,30563784,12409460,58389,0.080000,1.865000,0.706000,13.498000,3.487000,0.939000,0.388000,20.963000,58387,2,19,0.999640,0.252,5.331
84,9.3750,70.0,47,440.6,30563784,12409460,58389,0.076000,1.934000,0.773000,13.460000,3.120000,0.561000,0.448000,20.372000,58387,2,19,0.999640,0.252,5.331
84,9.3750,70.0,47,440.6,30563784,12409460,58389,0.077000,1.932000,1.118000,12.201000,3.275000,0.584000,0.402000,19.589000,58387,2,19,0.999640,0.252,5.331
84,9.3750,70.0,47,440.6,30563784,12409460,58389,0.076000,1.916000,1.022000,12.853000,3.389000,0.811000,0.388000,20.455000,58387,2,19,0.999640,0.252,5.331
84,9.3750,70.0,51,478.1,30563443,12408866,58384,0.067000,1.738000,1.124000,12.056000,3.291000,0.675000,0.497000,19.448000,58382,2,24,0.999555,0.559,11.448
84,9.3750,70.0,51,478.1,30563443,12408866,58384,0.076000,1.742000,0.710000,12.855000,3.284000,0.787000,0.493000,19.947000,58382,2,24,0.999555,0.559,11.448
84,9.3750,70.0,51,478.1,30563443,12408866,58384,0.067000,1.749000,0.640000,13.052000,3.933000,0.558000,0.405000,20.404000,58382,2,24,0.999555,0.559,11.448
84,9.3750,70.0,51,478.1,30563443,12408866,58384,0.076000,1.760000,1.269000,12.015000,3.125000,0.562000,0.469000,19.276000,58382,2,24,0.999555,0.559,11.448
84,9.3750,70.0,51,478.1,30563443,12408866,58384,0.076000,1.890000,1.107000,12.033000,3.834000,1.123000,0.405000,20.468000,58382,2,24,0.999555,0.559,11.448
84,9.3750,70.0,55,515.6,30562296,12408072,58358,0.079000,1.644000,1.033000,12.683000,3.603000,0.984000,0.397000,20.423000,58355,3,51,0.999075,1.206,23.919
84,9.3750,70.0,55,515.6,30562296,12408072,58358,0.076000,1.627000,1.138000,12.150000,3.417000,0.548000,0.389000,19.345000,58355,3,51,0.999075,1.206,23.919
84,9.3750,70.0,55,515.6,30562296,12408072,58358,0.080000,1.632000,1.243000,11.931000,3.671000,1.046000,0.416000,20.019000,58355,3,51,0.999075,1.206,23.919
84,9.3750,70.0,55,515.6,30562296,12408072,58358,0.076000,1.664000,0.637000,12.638000,3.711000,1.063000,0.398000,20.187000,58355,3,51,0.999075,1.206,23.919
84,9.3750,70.0,55,515.6,30562296,12408072,58358,0.075000,1.649000,1.168000,12.166000,3.286000,0.591000,0.397000,19.332000,58355,3,51,0.999075,1.206,23.919
84,9.3750,70.0,60,562.5,30561177,12406984,58281,0.076000,1.504000,0.729000,12.921000,3.735000,0.548000,0.397000,19.910000,58278,3,128,0.997757,2.881,53.864
84,9.3750,70.0,60,562.5,30561177,12406984,58281,0.076000,1.568000,1.249000,12.238000,3.181000,0.619000,0.463000,19.394000,58278,3,128,0.997757,2.881,53.864
84,9.3750,70.0,60,562.5,30561177,12406984,58281,0.076000,1.522000,1.133000,12.455000,3.166000,0.601000,0.495000,19.448000,58278,3,128,0.997757,2.881,53.864
84,9.3750,70.0,60,562.5,30561177,12406984,58281,0.077000,1.576000,0.682000,12.837000,3.363000,0.580000,0.398000,19.513000,58278,3,128,0.997757,2.881,53.864
84,9.3750,70.0,60,562.5,30561177,12406984,58281,0.077000,1.485000,0.728000,13.360000,3.360000,0.430000,0.403000,19.843000,58278,3,128,0.997757,2.881,53.864
84,9.3750,70.0,64,600.0,30560547,12405868,58131,0.066000,1.410000,1.126000,12.065000,3.749000,0.952000,0.403000,19.771000,58129,2,277,0.995223,5.410,95.295
84,9.3750,70.0,64,600.0,30560547,12405868,58131,0.076000,1.399000,1.261000,12.395000,3.401000,0.541000,0.404000,19.477000,58129,2,277,0.995223,5.410,95.295
84,9.3750,70.0,64,600.0,30560547,12405868,58131,0.085000,1.488000,1.198000,11.880000,3.879000,1.028000,0.412000,19.970000,58129,2,277,0.995223,5.410,95.295
84,9.3750,70.0,64,600.0,30560547,12405868,58131,0.076000,1.509000,0.967000,12.692000,3.733000,1.025000,0.395000,20.397000,58129,2,277,0.995223,5.410,95.295
84,9.3750,70.0,64,600.0,30560547,12405868,58131,0.091000,1.443000,1.297000,11.832000,3.299000,0.569000,0.402000,18.933000,58129,2,277,0.995223,5.410,95.295
84,9.3750,70.0,68,637.5,30559340,12404714,57960,0.077000,1.308000,1.182000,12.200000,3.268000,0.839000,0.389000,19.263000,57957,3,449,0.992261,9.735,162.340
84,9.3750,70.0,68,637.5,30559340,12404714,57960,0.076000,1.373000,1.239000,12.410000,3.360000,0.588000,0.396000,19.442000,57957,3,449,0.992261,9.735,162.340
84,9.3750,70.0,68,637.5,30559340,12404714,57960,0.076000,1.338000,0.779000,13.045000,3.350000,0.766000,0.496000,19.850000,57957,3,449,0.992261,9.735,162.340
84,9.3750,70.0,68,637.5,30559340,12404714,57960,0.076000,1.381000,1.163000,12.162000,3.158000,0.581000,0.482000,19.003000,57957,3,449,0.992261,9.735,162.340
84,9.3750,70.0,68,637.5,30559340,12404714,57960,0.076000,1.336000,1.261000,12.169000,3.500000,0.827000,0.393000,19.562000,57957,3,449,0.992261,9.735,162.340
84,9.3750,70.0,73,684.4,30556554,12402359,57537,0.078000,1.277000,1.079000,12.262000,3.349000,0.559000,0.395000,18.999000,57535,2,871,0.985053,19.254,288.762
84,9.3750,70.0,73,684.4,30556554,12402359,57537,0.084000,1.324000,1.149000,12.073000,3.367000,0.544000,0.394000,18.935000,57535,2,871,0.985053,19.254,288.762
84,9.3750,70.0,73,684.4,30556554,12402359,57537,0.076000,1.259000,1.310000,11.905000,3.339000,0.537000,0.383000,18.809000,57535,2,871,0.985053,19.254,288.762
84,9.3750,70.0,73,684.4,30556554,12402359,57537,0.068000,1.293000,1.207000,11.714000,3.665000,0.969000,0.397000,19.313000,57535,2,871,0.985053,19.254,288.762
84,9.3750,70.0,73,684.4,30556554,12402359,57537,0.076000,1.257000,0.752000,12.796000,3.377000,0.569000,0.386000,19.213000,57535,2,871,0.985053,19.254,288.762
84,9.3750,70.0,77,721.9,30554501,12400258,56981,0.078000,1.223000,1.214000,12.075000,3.344000,0.545000,0.395000,18.874000,56977,4,1429,0.975467,31.952,450.674
84,9.3750,70.0,77,721.9,30554501,12400258,56981,0.082000,1.211000,1.293000,12.083000,3.428000,0.478000,0.499000,19.074000,56977,4,1429,0.975467,31.952,450.674
84,9.3750,70.0,77,721.9,30554501,12400258,56981,0.077000,1.268000,1.206000,11.963000,3.513000,0.835000,0.383000,19.245000,56977,4,1429,0.975467,31.952,450.674
84,9.3750,70.0,77,721.9,30554501,12400258,56981,0.066000,1.174000,0.970000,12.183000,3.577000,0.879000,0.381000,19.230000,56977,4,1429,0.975467,31.952,450.674
84,9.3750,70.0,77,721.9,30554501,12400258,56981,0.077000,1.178000,1.259000,12.086000,3.309000,0.552000,0.386000,18.847000,56977,4,1429,0.975467,31.952,450.674
84,9.3750,70.0,81,759.4,30553156,12397520,56070,0.076000,1.102000,1.244000,12.057000,3.191000,0.597000,0.443000,18.710000,56064,6,2342,0.959803,50.686,674.091
84,9.3750,70.0,81,759.4,30553156,12397520,56070,0.076000,1.139000,0.759000,12.835000,3.348000,0.575000,0.364000,19.096000,56064,6,2342,0.959803,50.686,674.091
84,9.3750,70.0,81,759.4,30553156,12397520,56070,0.066000,1.149000,1.144000,12.113000,3.354000,0.531000,0.381000,18.738000,56064,6,2342,0.959803,50.686,674.091
84,9.3750,70.0,81,759.4,30553156,12397520,56070,0.077000,1.126000,1.230000,12.133000,3.207000,0.608000,0.462000,18.843000,56064,6,2342,0.959803,50.686,674.091
84,9.3750,70.0,81,759.4,30553156,12397520,56070,0.077000,1.192000,1.100000,12.053000,3.225000,0.651000,0.464000,18.762000,56064,6,2342,0.959803,50.686,674.091
84,9.3750,70.0,85,796.9,30550809,12395111,54777,0.076000,1.072000,1.247000,12.160000,3.272000,0.539000,0.369000,18.735000,54770,7,3636,0.937634,77.487,991.279
84,9.3750,70.0,85,796.9,30550809,12395111,54777,0.076000,1.115000,1.323000,11.876000,3.329000,0.548000,0.373000,18.640000,54770,7,3636,0.937634,77.487,991.279
84,9.3750,70.0,85,796.9,30550809,12395111,54777,0.076000,1.096000,1.295000,12.069000,3.379000,0.491000,0.410000,18.816000,54770,7,3636,0.937634,77.487,991.279
84,9.3750,70.0,85,796.9,30550809,12395111,54777,0.088000,1.101000,0.670000,12.548000,3.727000,0.999000,0.377000,19.510000,54770,7,3636,0.937634,77.487,991.279
84,9.3750,70.0,85,796.9,30550809,12395111,54777,0.076000,1.148000,1.126000,12.250000,3.315000,0.543000,0.373000,18.831000,54770,7,3636,0.937634,77.487,991.279
84,9.3750,70.0,90,843.8,30547376,12391270,52487,0.076000,1.014000,1.079000,12.308000,3.149000,0.565000,0.479000,18.670000,52482,5,5924,0.898495,125.272,1490.119
84,9.3750,70.0,90,843.8,30547376,12391270,52487,0.076000,1.095000,0.989000,12.445000,3.211000,0.632000,0.442000,18.890000,52482,5,5924,0.898495,125.272,1490.119
84,9.3750,70.0,90,843.8,30547376,12391270,52487,0.076000,1.069000,1.193000,12.113000,3.444000,0.540000,0.357000,18.792000,52482,5,5924,0.898495,125.272,1490.119
84,9.3750,70.0,90,843.8,30547376,12391270,52487,0.078000,1.025000,1.280000,12.053000,3.404000,0.533000,0.358000,18.731000,52482,5,5924,0.898495,125.272,1490.119
84,9.3750,70.0,90,843.8,30547376,12391270,52487,0.077000,1.028000,1.123000,12.210000,3.495000,0.803000,0.461000,19.197000,52482,5,5924,0.898495,125.272,1490.119
84,9.3750,70.0,94,881.3,30544558,12387678,49855,0.076000,1.004000,1.244000,12.476000,3.268000,0.670000,0.425000,19.163000,49850,5,8556,0.853435,169.325,2019.695
84,9.3750,70.0,94,881.3,30544558,12387678,49855,0.077000,0.987000,1.241000,11.997000,3.238000,0.612000,0.418000,18.570000,49850,5,8556,0.853435,169.325,2019.695
84,9.3750,70.0,94,881.3,30544558,12387678,49855,0.076000,1.006000,1.295000,12.162000,3.203000,0.602000,0.411000,18.755000,49850,5,8556,0.853435,169.325,2019.695
84,9.3750,70.0,94,881.3,30544558,12387678,49855,0.092000,0.972000,1.168000,12.099000,3.298000,0.558000,0.333000,18.520000,49850,5,8556,0.853435,169.325,2019.695
84,9.3750,70.0,94,881.3,30544558,12387678,49855,0.076000,1.040000,1.279000,11.870000,3.758000,0.543000,0.345000,18.911000,49850,5,8556,0.853435,169.325,2019.695
84,9.3750,70.0,98,918.8,30541349,12383750,45788,0.076000,0.957000,1.348000,12.768000,3.274000,0.680000,0.386000,19.489000,45786,2,12620,0.783899,205.916,2656.746
84,9.3750,70.0,98,918.8,30541349,12383750,45788,0.082000,0.925000,1.130000,12.095000,3.298000,0.842000,0.301000,18.673000,45786,2,12620,0.783899,205.916,2656.746
84,9.3750,70.0,98,918.8,30541349,12383750,45788,0.076000,0.968000,1.296000,11.891000,3.581000,1.041000,0.316000,19.169000,45786,2,12620,0.783899,205.916,2656.746
84,9.3750,70.0,98,918.8,30541349,12383750,45788,0.076000,0.990000,1.142000,12.982000,3.354000,0.545000,0.309000,19.398000,45786,2,12620,0.783899,205.916,2656.746
84,9.3750,70.0,98,918.8,30541349,12383750,45788,0.076000,0.991000,1.204000,11.940000,3.292000,0.674000,0.398000,18.575000,45786,2,12620,0.783899,205.916,2656.746
84,9.3750,70.0,102,956.3,30537226,12379344,40790,0.076000,0.954000,1.132000,12.176000,3.874000,0.981000,0.272000,19.465000,40785,5,17621,0.698242,211.238,3022.516
84,9.3750,70.0,102,956.3,30537226,12379344,40790,0.076000,0.958000,1.361000,12.838000,3.946000,1.064000,0.270000,20.513000,40785,5,17621,0.698242,211.238,3022.516
84,9.3750,70.0,102,956.3,30537226,12379344,40790,0.067000,0.974000,1.173000,11.958000,3.413000,0.535000,0.282000,18.402000,40785,5,17621,0.698242,211.238,3022.516
84,9.3750,70.0,102,956.3,30537226,12379344,40790,0.076000,0.951000,1.184000,12.176000,3.287000,0.694000,0.356000,18.724000,40785,5,17621,0.698242,211.238,3022.516
84,9.3750,70.0,102,956.3,30537226,12379344,40790,0.067000,0.947000,1.036000,12.160000,3.294000,0.810000,0.272000,18.586000,40785,5,17621,0.698242,211.238,3022.516
84,9.3750,70.0,107,1003.1,30532678,12372826,34625,0.077000,0.909000,1.270000,12.151000,3.187000,0.591000,0.309000,18.494000,34618,7,23788,0.592642,223.734,3222.684
84,9.3750,70.0,107,1003.1,30532678,12372826,34625,0.070000,0.913000,0.983000,12.196000,3.745000,0.962000,0.235000,19.104000,34618,7,23788,0.592642,223.734,3222.684
84,9.3750,70.0,107,1003.1,30532678,12372826,34625,0.075000,0.879000,1.185000,12.282000,3.460000,0.535000,0.231000,18.647000,34618,7,23788,0.592642,223.734,3222.684
84,9.3750,70.0,107,1003.1,30532678,12372826,34625,0.078000,0.889000,1.255000,12.113000,3.262000,0.676000,0.318000,18.591000,34618,7,23788,0.592642,223.734,3222.684
84,9.3750,70.0,107,1003.1,30532678,12372826,34625,0.077000,0.905000,1.284000,13.126000,3.240000,0.644000,0.316000,19.592000,34618,7,23788,0.592642,223.734,3222.684
