tolerance_km,step_s,cell_km,interp_stride,knot_gap_s,detections,events,conj,propagator_s,sgp4_s,interp_s,check_s,grouping_s,refine_s,probability_s,total_s
84,10.8000,76.5,32,345.6,26679118,11898758,58405,0.078000,2.517000,1.043000,10.582000,3.397000,0.427000,0.357000,18.401000
84,10.8000,76.5,32,345.6,26679118,11898758,58405,0.069000,2.325000,0.972000,10.704000,3.264000,0.539000,0.367000,18.240000
84,10.8000,76.5,32,345.6,26679118,11898758,58405,0.077000,2.487000,0.935000,10.595000,2.938000,0.534000,0.374000,17.940000
84,10.8000,76.5,32,345.6,26679118,11898758,58405,0.080000,2.502000,0.547000,10.661000,2.979000,0.584000,0.361000,17.714000
84,10.8000,76.5,32,345.6,26679118,11898758,58405,0.071000,2.292000,0.898000,11.179000,2.996000,0.504000,0.365000,18.305000
84,10.8000,76.5,32,345.6,26679118,11898758,58405,0.081000,2.430000,0.543000,10.386000,2.853000,0.576000,0.360000,17.229000
84,10.8000,76.5,32,345.6,26679118,11898758,58405,0.077000,2.428000,0.609000,10.898000,3.006000,0.488000,0.358000,17.864000
84,10.8000,76.5,32,345.6,26679118,11898758,58405,0.078000,2.391000,0.548000,10.259000,3.260000,0.968000,0.400000,17.904000
84,10.8000,76.5,32,345.6,26679118,11898758,58405,0.077000,2.394000,0.689000,10.014000,3.112000,0.681000,0.415000,17.382000
84,10.8000,76.5,32,345.6,26679118,11898758,58405,0.069000,2.373000,0.939000,10.796000,3.009000,0.474000,0.376000,18.036000
