tolerance_km,step_s,cell_km,interp_stride,knot_gap_s,detections,events,conj,propagator_s,sgp4_s,interp_s,check_s,grouping_s,refine_s,probability_s,total_s,matched,ours_only,safe_only,jaccard
84,9.3750,84.0,16,150.0,30765169,12476641,58406,0.079000,5.343000,0.646000,12.976000,3.550000,1.230000,0.382000,24.206000,58404,2,2,0.999932
84,9.3750,81.5,16,150.0,30764173,12476286,58406,0.079000,5.343000,0.646000,12.746000,3.951000,0.571000,0.389000,23.725000,58404,2,2,0.999932
84,9.3750,79.0,16,150.0,30757099,12473645,58406,0.079000,5.343000,0.646000,12.884000,4.049000,0.567000,0.392000,23.960000,58404,2,2,0.999932
84,9.3750,76.5,16,150.0,30737570,12466831,58406,0.079000,5.343000,0.646000,12.778000,3.560000,0.478000,0.450000,23.334000,58404,2,2,0.999932
84,9.3750,74.0,16,150.0,30697226,12453076,58406,0.079000,5.343000,0.646000,12.378000,3.966000,0.552000,0.371000,23.335000,58404,2,2,0.999932
84,9.3750,71.5,16,150.0,30626379,12430299,58406,0.079000,5.343000,0.646000,12.454000,3.860000,0.572000,0.389000,23.343000,58404,2,2,0.999932
84,9.3750,69.0,16,150.0,30517110,12396069,58406,0.079000,5.343000,0.646000,12.444000,3.838000,0.566000,0.391000,23.307000,58404,2,2,0.999932
84,9.3750,66.5,16,150.0,30353461,12345473,58406,0.079000,5.343000,0.646000,12.272000,4.120000,0.566000,0.379000,23.405000,58404,2,2,0.999932
84,9.3750,64.0,16,150.0,30126839,12276059,58396,0.079000,5.343000,0.646000,12.337000,4.100000,0.552000,0.392000,23.449000,58394,2,12,0.999760
84,9.3750,61.5,16,150.0,29820264,12182682,58394,0.079000,5.343000,0.646000,12.134000,3.402000,0.487000,0.382000,22.473000,58392,2,14,0.999726
84,9.3750,59.0,16,150.0,29427468,12064142,58384,0.079000,5.343000,0.646000,11.966000,3.512000,0.554000,0.372000,22.472000,58381,3,25,0.999521
84,9.3750,56.5,16,150.0,28914826,11909826,58364,0.079000,5.343000,0.646000,11.455000,3.658000,0.573000,0.396000,22.150000,58361,3,45,0.999178
84,9.3750,54.0,16,150.0,28252701,11714293,58319,0.079000,5.343000,0.646000,11.784000,3.616000,0.546000,0.373000,22.387000,58316,3,90,0.998408
84,9.3750,51.5,16,150.0,27427241,11467279,58229,0.079000,5.343000,0.646000,12.189000,3.212000,0.519000,0.374000,22.362000,58226,3,180,0.996867
84,9.3750,49.0,16,150.0,26417325,11164511,58133,0.079000,5.343000,0.646000,11.566000,3.096000,0.534000,0.376000,21.640000,58130,3,276,0.995223
84,9.3750,46.5,16,150.0,25168989,10784442,57949,0.079000,5.343000,0.646000,11.585000,2.665000,0.611000,0.440000,21.369000,57946,3,460,0.992073
84,9.3750,44.0,16,150.0,23623340,10315135,57682,0.079000,5.343000,0.646000,11.336000,2.474000,0.588000,0.404000,20.870000,57678,4,728,0.987468
84,9.3750,84.0,21,196.9,30765098,12476585,58406,0.078000,4.174000,0.636000,13.186000,3.468000,0.928000,0.386000,22.856000,58404,2,2,0.999932
84,9.3750,81.5,21,196.9,30764099,12476228,58406,0.078000,4.174000,0.636000,12.919000,3.803000,0.439000,0.367000,22.416000,58404,2,2,0.999932
84,9.3750,79.0,21,196.9,30757040,12473594,58406,0.078000,4.174000,0.636000,12.389000,3.837000,0.527000,0.407000,22.048000,58404,2,2,0.999932
84,9.3750,76.5,21,196.9,30737488,12466768,58406,0.078000,4.174000,0.636000,12.723000,3.513000,0.620000,0.450000,22.194000,58404,2,2,0.999932
84,9.3750,74.0,21,196.9,30697177,12453015,58406,0.078000,4.174000,0.636000,12.355000,4.127000,0.555000,0.393000,22.318000,58404,2,2,0.999932
84,9.3750,71.5,21,196.9,30626290,12430248,58406,0.078000,4.174000,0.636000,12.588000,3.455000,0.588000,0.386000,21.905000,58404,2,2,0.999932
84,9.3750,69.0,21,196.9,30517057,12396004,58406,0.078000,4.174000,0.636000,12.276000,3.498000,0.671000,0.365000,21.698000,58404,2,2,0.999932
84,9.3750,66.5,21,196.9,30353437,12345421,58406,0.078000,4.174000,0.636000,12.008000,3.581000,0.564000,0.376000,21.417000,58404,2,2,0.999932
84,9.3750,64.0,21,196.9,30126733,12276016,58396,0.078000,4.174000,0.636000,11.924000,3.683000,0.506000,0.386000,21.387000,58394,2,12,0.999760
84,9.3750,61.5,21,196.9,29820200,12182609,58394,0.078000,4.174000,0.636000,11.452000,4.042000,0.579000,0.392000,21.353000,58392,2,14,0.999726
84,9.3750,59.0,21,196.9,29427334,12064043,58384,0.078000,4.174000,0.636000,11.289000,3.956000,0.554000,0.392000,21.079000,58381,3,25,0.999521
84,9.3750,56.5,21,196.9,28914719,11909773,58364,0.078000,4.174000,0.636000,11.862000,3.493000,0.456000,0.454000,21.153000,58361,3,45,0.999178
84,9.3750,54.0,21,196.9,28252591,11714237,58319,0.078000,4.174000,0.636000,11.359000,3.336000,0.540000,0.373000,20.496000,58316,3,90,0.998408
84,9.3750,51.5,21,196.9,27427102,11467283,58230,0.078000,4.174000,0.636000,11.247000,3.207000,0.825000,0.360000,20.527000,58227,3,179,0.996884
84,9.3750,49.0,21,196.9,26417243,11164425,58133,0.078000,4.174000,0.636000,11.271000,3.314000,0.492000,0.363000,20.328000,58130,3,276,0.995223
84,9.3750,46.5,21,196.9,25168910,10784363,57949,0.078000,4.174000,0.636000,11.059000,3.085000,0.469000,0.369000,19.870000,57946,3,460,0.992073
84,9.3750,44.0,21,196.9,23623295,10315040,57683,0.078000,4.174000,0.636000,10.796000,3.073000,0.543000,0.362000,19.662000,57679,4,727,0.987485
84,9.3750,84.0,27,253.1,30765064,12476529,58406,0.071000,3.153000,0.640000,13.477000,4.001000,0.557000,0.441000,22.340000,58403,3,3,0.999897
84,9.3750,81.5,27,253.1,30764058,12476173,58406,0.071000,3.153000,0.640000,12.822000,3.821000,0.808000,0.361000,21.676000,58403,3,3,0.999897
84,9.3750,79.0,27,253.1,30757012,12473536,58406,0.071000,3.153000,0.640000,12.499000,3.575000,0.692000,0.356000,20.986000,58403,3,3,0.999897
84,9.3750,76.5,27,253.1,30737464,12466720,58406,0.071000,3.153000,0.640000,12.418000,3.807000,0.561000,0.381000,21.031000,58403,3,3,0.999897
84,9.3750,74.0,27,253.1,30697162,12452974,58406,0.071000,3.153000,0.640000,12.403000,3.965000,0.564000,0.374000,21.170000,58403,3,3,0.999897
84,9.3750,71.5,27,253.1,30626269,12430198,58406,0.071000,3.153000,0.640000,11.915000,4.146000,0.572000,0.376000,20.873000,58403,3,3,0.999897
84,9.3750,69.0,27,253.1,30517002,12395946,58406,0.071000,3.153000,0.640000,12.252000,4.125000,0.568000,0.380000,21.189000,58403,3,3,0.999897
84,9.3750,66.5,27,253.1,30353467,12345411,58406,0.071000,3.153000,0.640000,11.414000,4.057000,0.574000,0.386000,20.295000,58403,3,3,0.999897
84,9.3750,64.0,27,253.1,30126755,12275963,58396,0.071000,3.153000,0.640000,12.112000,3.411000,0.658000,0.444000,20.489000,58393,3,13,0.999726
84,9.3750,61.5,27,253.1,29820105,12182524,58394,0.071000,3.153000,0.640000,12.098000,3.250000,0.554000,0.383000,20.149000,58391,3,15,0.999692
84,9.3750,59.0,27,253.1,29427152,12063908,58383,0.071000,3.153000,0.640000,11.320000,4.038000,0.566000,0.386000,20.174000,58379,4,27,0.999469
84,9.3750,56.5,27,253.1,28914719,11909675,58364,0.071000,3.153000,0.640000,11.570000,3.550000,0.502000,0.374000,19.860000,58360,4,46,0.999144
84,9.3750,54.0,27,253.1,28252687,11714252,58319,0.071000,3.153000,0.640000,11.365000,3.549000,0.501000,0.368000,19.647000,58315,4,91,0.998374
84,9.3750,51.5,27,253.1,27427034,11467215,58229,0.071000,3.153000,0.640000,11.552000,3.181000,0.484000,0.366000,19.447000,58225,4,181,0.996833
84,9.3750,49.0,27,253.1,26417281,11164438,58132,0.071000,3.153000,0.640000,10.858000,3.348000,0.502000,0.366000,18.938000,58128,4,278,0.995172
84,9.3750,46.5,27,253.1,25168863,10784246,57948,0.071000,3.153000,0.640000,10.816000,3.237000,0.544000,0.374000,18.835000,57944,4,462,0.992022
84,9.3750,44.0,27,253.1,23623330,10315203,57685,0.071000,3.153000,0.640000,10.610000,2.989000,0.518000,0.370000,18.351000,57680,5,726,0.987485
84,9.3750,84.0,32,300.0,30764872,12476347,58405,0.078000,2.777000,0.755000,13.693000,3.562000,0.767000,0.472000,22.104000,58402,3,4,0.999880
84,9.3750,81.5,32,300.0,30763874,12475985,58405,0.078000,2.777000,0.755000,13.656000,3.668000,0.868000,0.423000,22.225000,58402,3,4,0.999880
84,9.3750,79.0,32,300.0,30756846,12473372,58405,0.078000,2.777000,0.755000,13.376000,3.945000,0.563000,0.376000,21.870000,58402,3,4,0.999880
84,9.3750,76.5,32,300.0,30737283,12466531,58405,0.078000,2.777000,0.755000,13.250000,4.028000,0.552000,0.373000,21.813000,58402,3,4,0.999880
84,9.3750,74.0,32,300.0,30696988,12452827,58405,0.078000,2.777000,0.755000,13.207000,3.704000,0.554000,0.376000,21.451000,58402,3,4,0.999880
84,9.3750,71.5,32,300.0,30626092,12430033,58405,0.078000,2.777000,0.755000,13.331000,3.268000,0.643000,0.497000,21.349000,58402,3,4,0.999880
84,9.3750,69.0,32,300.0,30516765,12395749,58405,0.078000,2.777000,0.755000,12.787000,3.404000,0.559000,0.362000,20.722000,58402,3,4,0.999880
84,9.3750,66.5,32,300.0,30353219,12345170,58405,0.078000,2.777000,0.755000,12.673000,3.389000,0.532000,0.369000,20.573000,58402,3,4,0.999880
84,9.3750,64.0,32,300.0,30126436,12275741,58395,0.078000,2.777000,0.755000,12.068000,3.688000,0.544000,0.368000,20.278000,58392,3,14,0.999709
84,9.3750,61.5,32,300.0,29820059,12182460,58393,0.078000,2.777000,0.755000,12.037000,3.771000,0.608000,0.364000,20.390000,58390,3,16,0.999675
84,9.3750,59.0,32,300.0,29427259,12063868,58382,0.078000,2.777000,0.755000,11.892000,3.883000,0.552000,0.375000,20.312000,58378,4,28,0.999452
84,9.3750,56.5,32,300.0,28914704,11909625,58363,0.078000,2.777000,0.755000,11.864000,3.838000,0.538000,0.371000,20.221000,58359,4,47,0.999127
84,9.3750,54.0,32,300.0,28252454,11714129,58318,0.078000,2.777000,0.755000,12.047000,3.456000,0.533000,0.393000,20.039000,58314,4,92,0.998356
84,9.3750,51.5,32,300.0,27426697,11467034,58229,0.078000,2.777000,0.755000,11.993000,3.292000,0.522000,0.375000,19.792000,58225,4,181,0.996833
84,9.3750,49.0,32,300.0,26417377,11164405,58133,0.078000,2.777000,0.755000,12.062000,3.060000,0.695000,0.375000,19.802000,58129,4,277,0.995189
84,9.3750,46.5,32,300.0,25168693,10784059,57948,0.078000,2.777000,0.755000,11.448000,3.451000,0.588000,0.378000,19.475000,57944,4,462,0.992022
84,9.3750,44.0,32,300.0,23622864,10314958,57685,0.078000,2.777000,0.755000,11.244000,3.008000,0.562000,0.364000,18.788000,57680,5,726,0.987485
84,9.3750,84.0,37,346.9,30764636,12476136,58405,0.080000,2.417000,0.645000,14.238000,3.708000,0.896000,0.493000,22.477000,58402,3,4,0.999880
84,9.3750,81.5,37,346.9,30763627,12475774,58405,0.080000,2.417000,0.645000,14.437000,3.757000,0.518000,0.436000,22.290000,58402,3,4,0.999880
84,9.3750,79.0,37,346.9,30756597,12473145,58405,0.080000,2.417000,0.645000,13.540000,3.851000,0.565000,0.383000,21.481000,58402,3,4,0.999880
84,9.3750,76.5,37,346.9,30737030,12466338,58405,0.080000,2.417000,0.645000,13.382000,3.961000,0.567000,0.382000,21.434000,58402,3,4,0.999880
84,9.3750,74.0,37,346.9,30696701,12452560,58405,0.080000,2.417000,0.645000,12.837000,4.010000,0.574000,0.364000,20.927000,58402,3,4,0.999880
84,9.3750,71.5,37,346.9,30625929,12429852,58405,0.080000,2.417000,0.645000,12.858000,3.368000,0.562000,0.363000,20.293000,58402,3,4,0.999880
84,9.3750,69.0,37,346.9,30516439,12395560,58405,0.080000,2.417000,0.645000,12.416000,3.708000,0.566000,0.368000,20.200000,58402,3,4,0.999880
84,9.3750,66.5,37,346.9,30353019,12345026,58405,0.080000,2.417000,0.645000,12.367000,3.664000,0.443000,0.360000,19.976000,58402,3,4,0.999880
84,9.3750,64.0,37,346.9,30126287,12275605,58395,0.080000,2.417000,0.645000,12.536000,3.273000,0.618000,0.375000,19.944000,58392,3,14,0.999709
84,9.3750,61.5,37,346.9,29819963,12182174,58393,0.080000,2.417000,0.645000,11.955000,3.733000,0.565000,0.383000,19.778000,58390,3,16,0.999675
84,9.3750,59.0,37,346.9,29426746,12063596,58382,0.080000,2.417000,0.645000,12.206000,3.917000,0.551000,0.376000,20.192000,58378,4,28,0.999452
84,9.3750,56.5,37,346.9,28914466,11909217,58364,0.080000,2.417000,0.645000,11.866000,3.889000,0.555000,0.382000,19.834000,58360,4,46,0.999144
84,9.3750,54.0,37,346.9,28252255,11713947,58317,0.080000,2.417000,0.645000,12.026000,3.376000,0.486000,0.376000,19.406000,58313,4,93,0.998339
84,9.3750,51.5,37,346.9,27426752,11466916,58230,0.080000,2.417000,0.645000,11.638000,3.159000,0.869000,0.459000,19.267000,58226,4,180,0.996850
84,9.3750,49.0,37,346.9,26416906,11164185,58132,0.080000,2.417000,0.645000,11.758000,3.191000,0.787000,0.393000,19.271000,58128,4,278,0.995172
84,9.3750,46.5,37,346.9,25168676,10783831,57949,0.080000,2.417000,0.645000,11.338000,3.221000,0.907000,0.387000,18.995000,57945,4,461,0.992039
84,9.3750,44.0,37,346.9,23622404,10314730,57678,0.080000,2.417000,0.645000,11.378000,2.642000,0.619000,0.426000,18.207000,57673,5,733,0.987365
84,9.3750,84.0,43,403.1,30764062,12475563,58402,0.079000,2.079000,0.633000,12.839000,4.194000,0.425000,0.368000,20.617000,58399,3,7,0.999829
84,9.3750,81.5,43,403.1,30763062,12475206,58402,0.079000,2.079000,0.633000,12.644000,3.779000,1.046000,0.393000,20.653000,58399,3,7,0.999829
84,9.3750,79.0,43,403.1,30755996,12472567,58402,0.079000,2.079000,0.633000,12.752000,3.853000,0.554000,0.375000,20.325000,58399,3,7,0.999829
84,9.3750,76.5,43,403.1,30736441,12465745,58402,0.079000,2.079000,0.633000,12.495000,3.919000,0.570000,0.385000,20.160000,58399,3,7,0.999829
84,9.3750,74.0,43,403.1,30696186,12452042,58402,0.079000,2.079000,0.633000,12.344000,4.260000,0.552000,0.366000,20.313000,58399,3,7,0.999829
84,9.3750,71.5,43,403.1,30625353,12429300,58402,0.079000,2.079000,0.633000,12.364000,3.931000,0.558000,0.371000,20.015000,58399,3,7,0.999829
84,9.3750,69.0,43,403.1,30515853,12394932,58402,0.079000,2.079000,0.633000,12.272000,3.940000,0.569000,0.379000,19.951000,58399,3,7,0.999829
84,9.3750,66.5,43,403.1,30352330,12344443,58402,0.079000,2.079000,0.633000,12.197000,3.973000,0.555000,0.370000,19.886000,58399,3,7,0.999829
84,9.3750,64.0,43,403.1,30125746,12275083,58391,0.079000,2.079000,0.633000,12.225000,3.945000,0.551000,0.380000,19.892000,58388,3,18,0.999640
84,9.3750,61.5,43,403.1,29819396,12181785,58390,0.079000,2.079000,0.633000,12.018000,3.636000,0.498000,0.379000,19.322000,58387,3,19,0.999623
84,9.3750,59.0,43,403.1,29426515,12063064,58379,0.079000,2.079000,0.633000,11.943000,3.478000,0.577000,0.374000,19.163000,58375,4,31,0.999401
84,9.3750,56.5,43,403.1,28914181,11908757,58361,0.079000,2.079000,0.633000,11.582000,3.461000,0.595000,0.396000,18.825000,58357,4,49,0.999093
84,9.3750,54.0,43,403.1,28251329,11713387,58313,0.079000,2.079000,0.633000,11.846000,3.312000,0.717000,0.378000,19.044000,58309,4,97,0.998271
84,9.3750,51.5,43,403.1,27426047,11466432,58228,0.079000,2.079000,0.633000,11.280000,3.740000,0.611000,0.385000,18.807000,58224,4,182,0.996816
84,9.3750,49.0,43,403.1,26416625,11164082,58130,0.079000,2.079000,0.633000,11.187000,3.533000,0.565000,0.366000,18.442000,58126,4,280,0.995138
84,9.3750,46.5,43,403.1,25167974,10783510,57944,0.079000,2.079000,0.633000,11.241000,3.248000,0.383000,0.351000,18.014000,57940,4,466,0.991953
84,9.3750,44.0,43,403.1,23621536,10314173,57675,0.079000,2.079000,0.633000,10.657000,3.263000,0.594000,0.397000,17.702000,57670,5,736,0.987314
84,9.3750,84.0,48,450.0,30763703,12475030,58391,0.079000,1.809000,1.137000,13.034000,3.748000,0.542000,0.378000,20.727000,58389,2,17,0.999675
84,9.3750,81.5,48,450.0,30762687,12474663,58391,0.079000,1.809000,1.137000,12.929000,4.016000,0.531000,0.377000,20.878000,58389,2,17,0.999675
84,9.3750,79.0,48,450.0,30755705,12472045,58391,0.079000,1.809000,1.137000,12.575000,3.753000,0.502000,0.369000,20.224000,58389,2,17,0.999675
84,9.3750,76.5,48,450.0,30736064,12465166,58391,0.079000,1.809000,1.137000,12.263000,3.980000,0.557000,0.374000,20.199000,58389,2,17,0.999675
84,9.3750,74.0,48,450.0,30695921,12451570,58391,0.079000,1.809000,1.137000,12.352000,3.853000,0.729000,0.388000,20.347000,58389,2,17,0.999675
84,9.3750,71.5,48,450.0,30625198,12428774,58391,0.079000,1.809000,1.137000,12.134000,4.242000,0.566000,0.382000,20.349000,58389,2,17,0.999675
84,9.3750,69.0,48,450.0,30515492,12394435,58391,0.079000,1.809000,1.137000,12.044000,3.931000,0.551000,0.379000,19.930000,58389,2,17,0.999675
84,9.3750,66.5,48,450.0,30351825,12343907,58390,0.079000,1.809000,1.137000,12.091000,3.394000,0.634000,0.358000,19.502000,58388,2,18,0.999658
84,9.3750,64.0,48,450.0,30125160,12274447,58381,0.079000,1.809000,1.137000,11.629000,3.282000,0.583000,0.370000,18.889000,58379,2,27,0.999503
84,9.3750,61.5,48,450.0,29819245,12181169,58379,0.079000,1.809000,1.137000,11.309000,3.512000,0.693000,0.355000,18.894000,58377,2,29,0.999469
84,9.3750,59.0,48,450.0,29426339,12062728,58369,0.079000,1.809000,1.137000,11.516000,3.241000,0.592000,0.363000,18.737000,58366,3,40,0.999264
84,9.3750,56.5,48,450.0,28914053,11908132,58348,0.079000,1.809000,1.137000,11.028000,3.728000,0.477000,0.350000,18.608000,58345,3,61,0.998904
84,9.3750,54.0,48,450.0,28251375,11712944,58304,0.079000,1.809000,1.137000,11.059000,3.791000,0.412000,0.368000,18.655000,58301,3,105,0.998151
84,9.3750,51.5,48,450.0,27425324,11466145,58215,0.079000,1.809000,1.137000,11.360000,2.986000,0.691000,0.370000,18.432000,58212,3,194,0.996627
84,9.3750,49.0,48,450.0,26415599,11163249,58114,0.079000,1.809000,1.137000,10.897000,3.349000,0.535000,0.385000,18.191000,58111,3,295,0.994898
84,9.3750,46.5,48,450.0,25168071,10783256,57929,0.079000,1.809000,1.137000,10.878000,3.219000,0.544000,0.385000,18.051000,57926,3,480,0.991731
84,9.3750,44.0,48,450.0,23620110,10313323,57671,0.079000,1.809000,1.137000,10.512000,2.971000,0.533000,0.382000,17.423000,57667,4,739,0.987280
84,9.3750,84.0,53,496.9,30762620,12474249,58377,0.079000,1.749000,1.097000,13.185000,3.521000,0.493000,0.382000,20.506000,58374,3,32,0.999401
84,9.3750,81.5,53,496.9,30761592,12473873,58377,0.079000,1.749000,1.097000,12.749000,3.726000,0.557000,0.380000,20.337000,58374,3,32,0.999401
84,9.3750,79.0,53,496.9,30754594,12471288,58377,0.079000,1.749000,1.097000,13.099000,3.270000,0.644000,0.487000,20.425000,58374,3,32,0.999401
84,9.3750,76.5,53,496.9,30735010,12464390,58377,0.079000,1.749000,1.097000,12.259000,4.083000,0.571000,0.382000,20.220000,58374,3,32,0.999401
84,9.3750,74.0,53,496.9,30694641,12450632,58377,0.079000,1.749000,1.097000,12.325000,3.845000,0.559000,0.387000,20.041000,58374,3,32,0.999401
84,9.3750,71.5,53,496.9,30624051,12428068,58377,0.079000,1.749000,1.097000,12.489000,3.535000,0.498000,0.376000,19.823000,58374,3,32,0.999401
84,9.3750,69.0,53,496.9,30514430,12393630,58377,0.079000,1.749000,1.097000,12.095000,3.347000,0.564000,0.378000,19.309000,58374,3,32,0.999401
84,9.3750,66.5,53,496.9,30350622,12343119,58376,0.079000,1.749000,1.097000,12.363000,3.634000,0.748000,0.392000,20.062000,58373,3,33,0.999384
84,9.3750,64.0,53,496.9,30124133,12273664,58367,0.079000,1.749000,1.097000,11.857000,3.481000,0.482000,0.376000,19.121000,58364,3,42,0.999230
84,9.3750,61.5,53,496.9,29818953,12180578,58366,0.079000,1.749000,1.097000,11.251000,3.988000,0.423000,0.373000,18.960000,58363,3,43,0.999212
84,9.3750,59.0,53,496.9,29425281,12062072,58355,0.079000,1.749000,1.097000,11.855000,3.183000,0.684000,0.382000,19.029000,58351,4,55,0.998990
84,9.3750,56.5,53,496.9,28913733,11907784,58333,0.079000,1.749000,1.097000,11.457000,3.813000,0.550000,0.397000,19.142000,58329,4,77,0.998613
84,9.3750,54.0,53,496.9,28250268,11712387,58290,0.079000,1.749000,1.097000,11.561000,3.227000,0.487000,0.386000,18.586000,58286,4,120,0.997877
84,9.3750,51.5,53,496.9,27425206,11465946,58202,0.079000,1.749000,1.097000,11.378000,2.883000,0.526000,0.461000,18.173000,58198,4,208,0.996370
84,9.3750,49.0,53,496.9,26415250,11162917,58107,0.079000,1.749000,1.097000,10.880000,3.265000,0.524000,0.394000,17.988000,58103,4,303,0.994744
84,9.3750,46.5,53,496.9,25167148,10782632,57915,0.079000,1.749000,1.097000,10.654000,3.091000,0.497000,0.383000,17.550000,57911,4,495,0.991457
84,9.3750,44.0,53,496.9,23619733,10312975,57654,0.079000,1.749000,1.097000,10.957000,2.823000,0.788000,0.379000,17.872000,57649,5,757,0.986955
84,9.3750,84.0,59,553.1,30761966,12473139,58284,0.078000,1.621000,0.719000,12.473000,4.008000,0.765000,0.671000,20.335000,58281,3,125,0.997809
84,9.3750,81.5,59,553.1,30760970,12472758,58284,0.078000,1.621000,0.719000,13.413000,3.512000,0.820000,0.437000,20.600000,58281,3,125,0.997809
84,9.3750,79.0,59,553.1,30753956,12470152,58284,0.078000,1.621000,0.719000,13.119000,3.526000,0.456000,0.487000,20.006000,58281,3,125,0.997809
84,9.3750,76.5,59,553.1,30734199,12463232,58284,0.078000,1.621000,0.719000,12.639000,3.538000,0.787000,0.391000,19.773000,58281,3,125,0.997809
84,9.3750,74.0,59,553.1,30694146,12449548,58284,0.078000,1.621000,0.719000,12.467000,3.616000,0.862000,0.385000,19.748000,58281,3,125,0.997809
84,9.3750,71.5,59,553.1,30623306,12426947,58284,0.078000,1.621000,0.719000,12.068000,3.520000,0.576000,0.394000,18.976000,58281,3,125,0.997809
84,9.3750,69.0,59,553.1,30513996,12392500,58284,0.078000,1.621000,0.719000,12.145000,3.701000,0.551000,0.399000,19.214000,58281,3,125,0.997809
84,9.3750,66.5,59,553.1,30349634,12342049,58283,0.078000,1.621000,0.719000,12.139000,3.499000,0.769000,0.379000,19.204000,58280,3,126,0.997791
84,9.3750,64.0,59,553.1,30123129,12272383,58273,0.078000,1.621000,0.719000,11.599000,3.678000,0.551000,0.406000,18.652000,58270,3,136,0.997620
84,9.3750,61.5,59,553.1,29817830,12179530,58273,0.078000,1.621000,0.719000,11.754000,3.446000,0.762000,0.391000,18.771000,58270,3,136,0.997620
84,9.3750,59.0,59,553.1,29424513,12060617,58262,0.078000,1.621000,0.719000,11.531000,3.384000,0.490000,0.393000,18.216000,58258,4,148,0.997398
84,9.3750,56.5,59,553.1,28913988,11906837,58237,0.078000,1.621000,0.719000,11.067000,3.326000,0.667000,0.383000,17.861000,58233,4,173,0.996970
84,9.3750,54.0,59,553.1,28249644,11711289,58195,0.078000,1.621000,0.719000,10.786000,3.245000,0.672000,0.383000,17.504000,58191,4,215,0.996251
84,9.3750,51.5,59,553.1,27424302,11465034,58112,0.078000,1.621000,0.719000,10.678000,3.368000,0.556000,0.392000,17.412000,58108,4,298,0.994830
84,9.3750,49.0,59,553.1,26414968,11161933,58017,0.078000,1.621000,0.719000,10.560000,2.839000,0.565000,0.367000,16.749000,58013,4,393,0.993203
84,9.3750,46.5,59,553.1,25166537,10781773,57825,0.078000,1.621000,0.719000,10.705000,2.942000,0.463000,0.414000,16.942000,57821,4,585,0.989916
84,9.3750,84.0,64,600.0,30760450,12471596,58131,0.078000,1.394000,1.124000,12.751000,3.634000,0.557000,0.401000,19.939000,58129,2,277,0.995223
84,9.3750,81.5,64,600.0,30759445,12471216,58131,0.078000,1.394000,1.124000,12.407000,3.723000,0.561000,0.397000,19.684000,58129,2,277,0.995223
84,9.3750,79.0,64,600.0,30752393,12468621,58131,0.078000,1.394000,1.124000,12.628000,3.536000,0.501000,0.407000,19.668000,58129,2,277,0.995223
84,9.3750,76.5,64,600.0,30732806,12461763,58131,0.078000,1.394000,1.124000,12.240000,3.497000,0.563000,0.402000,19.298000,58129,2,277,0.995223
84,9.3750,74.0,64,600.0,30692714,12448103,58131,0.078000,1.394000,1.124000,11.966000,3.688000,0.582000,0.402000,19.234000,58129,2,277,0.995223
84,9.3750,71.5,64,600.0,30621912,12425391,58131,0.078000,1.394000,1.124000,12.119000,3.361000,0.717000,0.393000,19.186000,58129,2,277,0.995223
84,9.3750,69.0,64,600.0,30512172,12391013,58131,0.078000,1.394000,1.124000,11.855000,3.644000,0.549000,0.404000,19.048000,58129,2,277,0.995223
84,9.3750,66.5,64,600.0,30348055,12340402,58130,0.078000,1.394000,1.124000,11.527000,3.311000,1.355000,0.388000,19.177000,58128,2,278,0.995206
84,9.3750,64.0,64,600.0,30121593,12270748,58121,0.078000,1.394000,1.124000,11.505000,3.351000,0.520000,0.385000,18.357000,58119,2,287,0.995052
84,9.3750,61.5,64,600.0,29817060,12178260,58121,0.078000,1.394000,1.124000,11.226000,3.310000,0.511000,0.394000,18.037000,58119,2,287,0.995052
84,9.3750,59.0,64,600.0,29422927,12059302,58110,0.078000,1.394000,1.124000,10.694000,3.759000,0.598000,0.388000,18.035000,58107,3,299,0.994830
84,9.3750,56.5,64,600.0,28912956,11905330,58087,0.078000,1.394000,1.124000,11.060000,3.480000,0.539000,0.390000,18.065000,58084,3,322,0.994436
84,9.3750,54.0,64,600.0,28247653,11709794,58044,0.078000,1.394000,1.124000,10.989000,3.255000,0.532000,0.373000,17.745000,58041,3,365,0.993700
84,9.3750,51.5,64,600.0,27422079,11463417,57962,0.078000,1.394000,1.124000,10.780000,3.195000,0.818000,0.399000,17.788000,57959,3,447,0.992296
84,9.3750,49.0,64,600.0,26415474,11161029,57862,0.078000,1.394000,1.124000,10.605000,3.117000,0.495000,0.399000,17.212000,57859,3,547,0.990584
84,9.3750,46.5,64,600.0,25166152,10780540,57674,0.078000,1.394000,1.124000,10.639000,2.711000,1.169000,0.388000,17.503000,57671,3,735,0.987365
84,9.3750,84.0,69,646.9,30758760,12469866,57866,0.077000,1.363000,1.275000,12.892000,3.532000,0.760000,0.397000,20.296000,57864,2,542,0.990686
84,9.3750,81.5,69,646.9,30757759,12469491,57866,0.077000,1.363000,1.275000,12.794000,3.440000,0.721000,0.394000,20.064000,57864,2,542,0.990686
84,9.3750,79.0,69,646.9,30750778,12466921,57866,0.077000,1.363000,1.275000,12.878000,3.460000,0.513000,0.392000,19.958000,57864,2,542,0.990686
84,9.3750,76.5,69,646.9,30730913,12459977,57866,0.077000,1.363000,1.275000,12.068000,3.784000,1.345000,0.395000,20.307000,57864,2,542,0.990686
84,9.3750,74.0,69,646.9,30690950,12446381,57866,0.077000,1.363000,1.275000,12.558000,3.509000,0.509000,0.394000,19.685000,57864,2,542,0.990686
84,9.3750,71.5,69,646.9,30620329,12423750,57866,0.077000,1.363000,1.275000,11.678000,3.735000,1.400000,0.398000,19.926000,57864,2,542,0.990686
84,9.3750,69.0,69,646.9,30510757,12389429,57865,0.077000,1.363000,1.275000,12.435000,3.433000,0.469000,0.495000,19.547000,57863,2,543,0.990669
84,9.3750,66.5,69,646.9,30346704,12338998,57866,0.077000,1.363000,1.275000,12.082000,3.208000,0.732000,0.403000,19.140000,57864,2,542,0.990686
84,9.3750,64.0,69,646.9,30120399,12269450,57857,0.077000,1.363000,1.275000,11.775000,3.428000,0.495000,0.406000,18.819000,57855,2,551,0.990532
84,9.3750,61.5,69,646.9,29815555,12176181,57854,0.077000,1.363000,1.275000,11.328000,3.493000,0.570000,0.401000,18.507000,57852,2,554,0.990481
84,9.3750,59.0,69,646.9,29421898,12058005,57844,0.077000,1.363000,1.275000,11.402000,3.475000,0.545000,0.400000,18.537000,57841,3,565,0.990275
84,9.3750,56.5,69,646.9,28912428,11903828,57822,0.077000,1.363000,1.275000,11.496000,3.208000,0.714000,0.394000,18.527000,57819,3,587,0.989899
84,9.3750,84.0,75,703.1,30755692,12467036,57291,0.079000,1.267000,0.847000,13.163000,3.456000,0.489000,0.397000,19.698000,57288,3,1118,0.980808
84,10.0000,84.0,15,150.0,28838663,12237352,58406,0.077000,5.353000,0.595000,12.202000,3.228000,0.722000,0.403000,22.580000,58403,3,3,0.999897
84,10.0000,81.5,15,150.0,28837751,12236976,58406,0.077000,5.353000,0.595000,11.836000,3.476000,0.424000,0.377000,22.138000,58403,3,3,0.999897
84,10.0000,79.0,15,150.0,28830879,12234334,58406,0.077000,5.353000,0.595000,11.998000,3.361000,0.537000,0.406000,22.327000,58403,3,3,0.999897
84,10.0000,76.5,15,150.0,28812842,12227675,58406,0.077000,5.353000,0.595000,11.850000,3.058000,0.665000,0.406000,22.004000,58403,3,3,0.999897
84,10.0000,74.0,15,150.0,28774521,12213668,58406,0.077000,5.353000,0.595000,11.711000,3.346000,0.743000,0.394000,22.219000,58403,3,3,0.999897
84,10.0000,71.5,15,150.0,28708438,12191054,58406,0.077000,5.353000,0.595000,11.668000,3.419000,0.765000,0.402000,22.279000,58403,3,3,0.999897
84,10.0000,69.0,15,150.0,28605814,12155857,58404,0.077000,5.353000,0.595000,10.900000,3.133000,1.317000,0.388000,21.763000,58401,3,5,0.999863
84,10.0000,66.5,15,150.0,28453200,12104013,58397,0.077000,5.353000,0.595000,11.480000,3.843000,0.529000,0.386000,22.263000,58394,3,12,0.999743
84,10.0000,64.0,15,150.0,28241085,12033906,58389,0.077000,5.353000,0.595000,11.221000,3.459000,0.488000,0.402000,21.595000,58386,3,20,0.999606
84,10.0000,61.5,15,150.0,27953797,11938730,58365,0.077000,5.353000,0.595000,11.303000,3.406000,0.831000,0.412000,21.977000,58362,3,44,0.999195
84,10.0000,59.0,15,150.0,27584376,11819954,58343,0.077000,5.353000,0.595000,10.794000,3.570000,1.308000,0.393000,22.090000,58339,4,67,0.998784
84,10.0000,56.5,15,150.0,27104566,11662693,58284,0.077000,5.353000,0.595000,10.954000,3.213000,0.699000,0.402000,21.293000,58280,4,126,0.997774
84,10.0000,54.0,15,150.0,26485669,11467146,58215,0.077000,5.353000,0.595000,10.835000,2.891000,0.566000,0.381000,20.698000,58211,4,195,0.996593
84,10.0000,51.5,15,150.0,25712094,11213919,58054,0.077000,5.353000,0.595000,10.509000,2.778000,0.564000,0.383000,20.259000,58050,4,356,0.993837
84,10.0000,49.0,15,150.0,24757960,10903671,57889,0.077000,5.353000,0.595000,10.259000,3.137000,0.435000,0.388000,20.244000,57885,4,521,0.991012
84,10.0000,46.5,15,150.0,23593349,10519422,57643,0.077000,5.353000,0.595000,10.382000,2.806000,0.468000,0.389000,20.070000,57639,4,767,0.986800
84,10.0000,84.0,20,200.0,28838623,12237311,58406,0.069000,3.967000,0.752000,12.123000,3.095000,0.682000,0.399000,21.087000,58403,3,3,0.999897
84,10.0000,81.5,20,200.0,28837711,12236935,58406,0.069000,3.967000,0.752000,11.910000,3.180000,0.660000,0.400000,20.938000,58403,3,3,0.999897
84,10.0000,79.0,20,200.0,28830833,12234284,58406,0.069000,3.967000,0.752000,11.839000,3.248000,0.536000,0.404000,20.815000,58403,3,3,0.999897
84,10.0000,76.5,20,200.0,28812801,12227627,58406,0.069000,3.967000,0.752000,11.338000,3.811000,0.569000,0.399000,20.905000,58403,3,3,0.999897
84,10.0000,74.0,20,200.0,28774493,12213643,58406,0.069000,3.967000,0.752000,11.293000,3.264000,0.524000,0.398000,20.267000,58403,3,3,0.999897
84,10.0000,71.5,20,200.0,28708399,12191017,58406,0.069000,3.967000,0.752000,11.425000,3.241000,0.501000,0.387000,20.342000,58403,3,3,0.999897
84,10.0000,69.0,20,200.0,28605773,12155847,58404,0.069000,3.967000,0.752000,11.150000,3.037000,0.535000,0.457000,19.967000,58401,3,5,0.999863
84,10.0000,66.5,20,200.0,28453167,12103970,58397,0.069000,3.967000,0.752000,10.736000,3.457000,0.543000,0.381000,19.905000,58394,3,12,0.999743
84,10.0000,64.0,20,200.0,28241087,12033869,58389,0.069000,3.967000,0.752000,10.477000,3.707000,0.562000,0.394000,19.928000,58386,3,20,0.999606
84,10.0000,61.5,20,200.0,27953845,11938716,58365,0.069000,3.967000,0.752000,11.004000,3.138000,0.742000,0.410000,20.082000,58362,3,44,0.999195
84,10.0000,59.0,20,200.0,27584343,11819930,58343,0.069000,3.967000,0.752000,10.463000,2.998000,1.106000,0.582000,19.937000,58339,4,67,0.998784
84,10.0000,56.5,20,200.0,27104576,11662650,58284,0.069000,3.967000,0.752000,10.958000,2.897000,0.633000,0.382000,19.658000,58280,4,126,0.997774
84,10.0000,54.0,20,200.0,26485531,11467046,58215,0.069000,3.967000,0.752000,10.472000,3.318000,0.809000,0.400000,19.787000,58211,4,195,0.996593
84,10.0000,51.5,20,200.0,25712027,11213870,58055,0.069000,3.967000,0.752000,10.527000,3.106000,0.487000,0.398000,19.306000,58051,4,355,0.993854
84,10.0000,49.0,20,200.0,24758007,10903635,57889,0.069000,3.967000,0.752000,10.083000,2.712000,1.170000,0.383000,19.136000,57885,4,521,0.991012
84,10.0000,46.5,20,200.0,23593397,10519414,57643,0.069000,3.967000,0.752000,10.489000,2.659000,0.436000,0.406000,18.778000,57639,4,767,0.986800
84,10.0000,84.0,25,250.0,28838523,12237214,58406,0.078000,3.322000,0.589000,12.325000,3.234000,0.573000,0.401000,20.522000,58403,3,3,0.999897
84,10.0000,81.5,25,250.0,28837609,12236837,58406,0.078000,3.322000,0.589000,11.531000,3.805000,0.547000,0.405000,20.277000,58403,3,3,0.999897
84,10.0000,79.0,25,250.0,28830742,12234194,58406,0.078000,3.322000,0.589000,11.740000,3.010000,0.727000,0.404000,19.870000,58403,3,3,0.999897
84,10.0000,76.5,25,250.0,28812695,12227535,58406,0.078000,3.322000,0.589000,11.518000,3.445000,0.553000,0.394000,19.899000,58403,3,3,0.999897
84,10.0000,74.0,25,250.0,28774378,12213526,58406,0.078000,3.322000,0.589000,11.217000,3.204000,0.522000,0.391000,19.323000,58403,3,3,0.999897
84,10.0000,71.5,25,250.0,28708332,12190944,58406,0.078000,3.322000,0.589000,10.476000,3.720000,0.583000,0.385000,19.153000,58403,3,3,0.999897
84,10.0000,69.0,25,250.0,28605665,12155721,58404,0.078000,3.322000,0.589000,10.785000,3.483000,0.423000,0.380000,19.060000,58401,3,5,0.999863
84,10.0000,66.5,25,250.0,28453057,12103884,58397,0.078000,3.322000,0.589000,10.326000,3.621000,0.590000,0.386000,18.912000,58394,3,12,0.999743
84,10.0000,64.0,25,250.0,28240923,12033778,58389,0.078000,3.322000,0.589000,11.142000,3.022000,0.609000,0.386000,19.148000,58386,3,20,0.999606
84,10.0000,61.5,25,250.0,27953760,11938630,58365,0.078000,3.322000,0.589000,10.558000,3.154000,1.242000,0.391000,19.334000,58362,3,44,0.999195
84,10.0000,59.0,25,250.0,27584101,11819747,58343,0.078000,3.322000,0.589000,9.885000,3.755000,1.298000,0.415000,19.342000,58339,4,67,0.998784
84,10.0000,56.5,25,250.0,27104666,11662603,58286,0.078000,3.322000,0.589000,10.539000,2.879000,0.697000,0.393000,18.497000,58282,4,124,0.997809
84,10.0000,54.0,25,250.0,26485340,11466849,58216,0.078000,3.322000,0.589000,9.643000,3.794000,0.396000,0.388000,18.210000,58212,4,194,0.996610
84,10.0000,51.5,25,250.0,25711839,11213738,58054,0.078000,3.322000,0.589000,9.993000,3.454000,0.590000,0.403000,18.429000,58050,4,356,0.993837
84,10.0000,49.0,25,250.0,24757869,10903487,57887,0.078000,3.322000,0.589000,9.822000,3.236000,0.583000,0.386000,18.016000,57883,4,523,0.990978
84,10.0000,46.5,25,250.0,23593450,10519500,57643,0.078000,3.322000,0.589000,9.899000,3.222000,0.485000,0.392000,17.987000,57639,4,767,0.986800
84,10.0000,84.0,30,300.0,28838337,12237017,58405,0.092000,2.747000,0.591000,12.263000,3.169000,0.447000,0.451000,19.760000,58401,4,5,0.999846
84,10.0000,81.5,30,300.0,28837411,12236631,58405,0.092000,2.747000,0.591000,11.030000,4.004000,0.598000,0.393000,19.455000,58401,4,5,0.999846
84,10.0000,79.0,30,300.0,28830553,12233995,58405,0.092000,2.747000,0.591000,11.386000,3.031000,0.585000,0.513000,18.945000,58401,4,5,0.999846
84,10.0000,76.5,30,300.0,28812529,12227346,58405,0.092000,2.747000,0.591000,11.349000,3.798000,0.547000,0.408000,19.532000,58401,4,5,0.999846
84,10.0000,74.0,30,300.0,28774188,12213358,58405,0.092000,2.747000,0.591000,11.084000,3.830000,0.541000,0.389000,19.274000,58401,4,5,0.999846
84,10.0000,71.5,30,300.0,28708104,12190741,58405,0.092000,2.747000,0.591000,10.793000,3.783000,0.568000,0.400000,18.974000,58401,4,5,0.999846
84,10.0000,69.0,30,300.0,28605615,12155637,58403,0.092000,2.747000,0.591000,11.239000,3.240000,0.506000,0.399000,18.814000,58399,4,7,0.999812
84,10.0000,66.5,30,300.0,28452847,12103688,58396,0.092000,2.747000,0.591000,10.922000,2.959000,0.564000,0.517000,18.392000,58392,4,14,0.999692
84,10.0000,64.0,30,300.0,28240699,12033554,58388,0.092000,2.747000,0.591000,10.430000,3.544000,0.526000,0.392000,18.322000,58384,4,22,0.999555
84,10.0000,61.5,30,300.0,27953521,11938388,58363,0.092000,2.747000,0.591000,10.822000,3.148000,0.542000,0.393000,18.335000,58359,4,47,0.999127
84,10.0000,59.0,30,300.0,27584008,11819656,58341,0.092000,2.747000,0.591000,10.674000,3.108000,0.517000,0.389000,18.118000,58336,5,70,0.998716
84,10.0000,56.5,30,300.0,27104516,11662482,58284,0.092000,2.747000,0.591000,10.044000,3.091000,0.645000,0.378000,17.588000,58279,5,127,0.997740
84,10.0000,54.0,30,300.0,26485201,11466739,58216,0.092000,2.747000,0.591000,10.002000,2.991000,0.495000,0.399000,17.317000,58211,5,195,0.996576
84,10.0000,51.5,30,300.0,25711475,11213514,58054,0.092000,2.747000,0.591000,10.081000,3.006000,0.471000,0.387000,17.375000,58049,5,357,0.993803
84,10.0000,49.0,30,300.0,24757809,10903483,57889,0.092000,2.747000,0.591000,9.643000,3.449000,0.381000,0.374000,17.277000,57884,5,522,0.990978
84,10.0000,46.5,30,300.0,23593371,10519498,57641,0.092000,2.747000,0.591000,10.253000,2.684000,0.401000,0.472000,17.240000,57636,5,770,0.986732
84,10.0000,84.0,35,350.0,28838139,12236792,58405,0.078000,2.368000,0.593000,11.447000,4.129000,0.421000,0.372000,19.408000,58402,3,4,0.999880
84,10.0000,81.5,35,350.0,28837229,12236411,58405,0.078000,2.368000,0.593000,11.900000,3.011000,0.608000,0.463000,19.021000,58402,3,4,0.999880
84,10.0000,79.0,35,350.0,28830362,12233779,58405,0.078000,2.368000,0.593000,11.390000,3.799000,0.521000,0.397000,19.146000,58402,3,4,0.999880
84,10.0000,76.5,35,350.0,28812315,12227086,58405,0.078000,2.368000,0.593000,11.004000,3.779000,0.561000,0.396000,18.779000,58402,3,4,0.999880
84,10.0000,74.0,35,350.0,28773918,12213102,58405,0.078000,2.368000,0.593000,10.797000,3.374000,1.274000,0.408000,18.892000,58402,3,4,0.999880
84,10.0000,71.5,35,350.0,28707866,12190473,58405,0.078000,2.368000,0.593000,11.295000,3.437000,0.699000,0.396000,18.866000,58402,3,4,0.999880
84,10.0000,69.0,35,350.0,28605325,12155326,58403,0.078000,2.368000,0.593000,10.890000,2.980000,0.583000,0.528000,18.020000,58400,3,6,0.999846
84,10.0000,66.5,35,350.0,28452657,12103374,58396,0.078000,2.368000,0.593000,10.672000,3.582000,0.492000,0.387000,18.172000,58393,3,13,0.999726
84,10.0000,64.0,35,350.0,28240528,12033441,58388,0.078000,2.368000,0.593000,10.509000,3.809000,0.540000,0.400000,18.297000,58385,3,21,0.999589
84,10.0000,61.5,35,350.0,27953378,11938204,58363,0.078000,2.368000,0.593000,10.288000,3.107000,0.507000,0.393000,17.334000,58360,3,46,0.999161
84,10.0000,59.0,35,350.0,27583793,11819538,58342,0.078000,2.368000,0.593000,10.069000,3.418000,0.463000,0.393000,17.382000,58338,4,68,0.998767
84,10.0000,56.5,35,350.0,27104477,11662184,58285,0.078000,2.368000,0.593000,10.261000,3.378000,0.462000,0.380000,17.520000,58281,4,125,0.997791
84,10.0000,54.0,35,350.0,26485134,11466550,58216,0.078000,2.368000,0.593000,9.946000,2.825000,0.783000,0.380000,16.973000,58212,4,194,0.996610
84,10.0000,51.5,35,350.0,25711190,11213392,58051,0.078000,2.368000,0.593000,9.892000,2.907000,0.752000,0.394000,16.984000,58047,4,359,0.993785
84,10.0000,49.0,35,350.0,24757900,10903262,57887,0.078000,2.368000,0.593000,10.241000,2.589000,0.560000,0.376000,16.805000,57883,4,523,0.990978
84,10.0000,46.5,35,350.0,23593243,10519189,57642,0.078000,2.368000,0.593000,9.294000,3.257000,0.566000,0.369000,16.525000,57638,4,768,0.986783
84,10.0000,84.0,40,400.0,28837872,12236420,58400,0.069000,1.989000,0.585000,11.015000,4.080000,0.411000,0.380000,18.529000,58395,5,11,0.999726
84,10.0000,81.5,40,400.0,28836963,12236037,58400,0.069000,1.989000,0.585000,11.460000,3.425000,0.511000,0.386000,18.425000,58395,5,11,0.999726
84,10.0000,79.0,40,400.0,28830133,12233424,58400,0.069000,1.989000,0.585000,11.227000,3.676000,0.543000,0.402000,18.491000,58395,5,11,0.999726
84,10.0000,76.5,40,400.0,28812081,12226755,58400,0.069000,1.989000,0.585000,10.987000,3.751000,1.289000,0.377000,19.047000,58395,5,11,0.999726
84,10.0000,74.0,40,400.0,28773744,12212748,58400,0.069000,1.989000,0.585000,11.412000,3.046000,0.662000,0.379000,18.142000,58395,5,11,0.999726
84,10.0000,71.5,40,400.0,28707702,12190150,58400,0.069000,1.989000,0.585000,10.622000,3.687000,0.593000,0.379000,17.924000,58395,5,11,0.999726
84,10.0000,69.0,40,400.0,28605114,12154982,58398,0.069000,1.989000,0.585000,10.463000,3.843000,0.645000,0.413000,18.007000,58393,5,13,0.999692
84,10.0000,66.5,40,400.0,28452337,12103135,58391,0.069000,1.989000,0.585000,11.255000,2.980000,0.627000,0.401000,17.906000,58386,5,20,0.999572
84,10.0000,64.0,40,400.0,28240261,12033038,58383,0.069000,1.989000,0.585000,10.168000,3.741000,0.565000,0.386000,17.503000,58378,5,28,0.999435
84,10.0000,61.5,40,400.0,27953292,11937953,58358,0.069000,1.989000,0.585000,10.450000,3.560000,0.480000,0.394000,17.527000,58353,5,53,0.999007
84,10.0000,59.0,40,400.0,27583596,11819107,58337,0.069000,1.989000,0.585000,10.400000,3.659000,0.461000,0.414000,17.577000,58331,6,75,0.998613
84,10.0000,56.5,40,400.0,27104351,11661832,58281,0.069000,1.989000,0.585000,10.249000,3.693000,0.512000,0.387000,17.484000,58275,6,131,0.997655
84,10.0000,54.0,40,400.0,26484988,11466356,58213,0.069000,1.989000,0.585000,10.460000,2.853000,0.662000,0.386000,17.004000,58207,6,199,0.996490
84,10.0000,51.5,40,400.0,25710753,11212985,58047,0.069000,1.989000,0.585000,10.132000,3.192000,0.464000,0.383000,16.814000,58041,6,365,0.993649
84,10.0000,49.0,40,400.0,24758033,10903026,57885,0.069000,1.989000,0.585000,9.653000,3.074000,0.612000,0.374000,16.356000,57879,6,527,0.990875
84,10.0000,46.5,40,400.0,23593038,10518939,57634,0.069000,1.989000,0.585000,10.032000,2.782000,0.534000,0.384000,16.375000,57628,6,778,0.986578
84,10.0000,84.0,45,450.0,28837288,12235679,58391,0.087000,1.886000,1.048000,11.881000,3.463000,0.779000,0.389000,19.533000,58388,3,18,0.999640
84,10.0000,81.5,45,450.0,28836391,12235302,58391,0.087000,1.886000,1.048000,11.315000,3.317000,1.313000,0.386000,19.352000,58388,3,18,0.999640
84,10.0000,79.0,45,450.0,28829510,12232667,58391,0.087000,1.886000,1.048000,12.196000,3.261000,0.504000,0.397000,19.379000,58388,3,18,0.999640
84,10.0000,76.5,45,450.0,28811431,12226005,58391,0.087000,1.886000,1.048000,11.077000,3.707000,1.309000,0.403000,19.517000,58388,3,18,0.999640
84,10.0000,74.0,45,450.0,28773232,12212055,58391,0.087000,1.886000,1.048000,11.367000,3.807000,0.551000,0.391000,19.137000,58388,3,18,0.999640
84,10.0000,71.5,45,450.0,28707133,12189468,58391,0.087000,1.886000,1.048000,11.340000,3.001000,0.624000,0.397000,18.383000,58388,3,18,0.999640
84,10.0000,69.0,45,450.0,28604437,12154270,58388,0.087000,1.886000,1.048000,10.814000,3.902000,0.558000,0.386000,18.681000,58385,3,21,0.999589
84,10.0000,66.5,45,450.0,28451558,12102195,58382,0.087000,1.886000,1.048000,10.924000,2.985000,0.612000,0.370000,17.912000,58379,3,27,0.999486
84,10.0000,64.0,45,450.0,28239918,12032388,58373,0.087000,1.886000,1.048000,10.471000,3.416000,0.547000,0.386000,17.841000,58370,3,36,0.999332
84,10.0000,61.5,45,450.0,27952353,11936915,58348,0.087000,1.886000,1.048000,10.704000,3.003000,0.604000,0.380000,17.712000,58345,3,61,0.998904
84,10.0000,59.0,45,450.0,27583098,11818288,58328,0.087000,1.886000,1.048000,10.782000,2.915000,0.647000,0.379000,17.744000,58324,4,82,0.998528
84,10.0000,56.5,45,450.0,27103845,11661401,58269,0.087000,1.886000,1.048000,10.358000,3.154000,0.524000,0.383000,17.440000,58265,4,141,0.997518
84,10.0000,54.0,45,450.0,26484496,11465689,58205,0.087000,1.886000,1.048000,9.860000,3.400000,0.569000,0.407000,17.257000,58201,4,205,0.996422
84,10.0000,51.5,45,450.0,25709910,11212292,58042,0.087000,1.886000,1.048000,10.125000,2.723000,0.768000,0.390000,17.027000,58038,4,368,0.993631
84,10.0000,49.0,45,450.0,24757649,10902527,57881,0.087000,1.886000,1.048000,10.052000,3.054000,0.475000,0.395000,16.997000,57877,4,529,0.990875
84,10.0000,46.5,45,450.0,23592354,10518085,57623,0.087000,1.886000,1.048000,10.011000,2.522000,0.583000,0.482000,16.619000,57619,4,787,0.986458
84,10.0000,84.0,50,500.0,28836301,12234770,58368,0.078000,1.682000,1.026000,12.102000,3.396000,0.764000,0.393000,19.441000,58365,3,41,0.999247
84,10.0000,81.5,50,500.0,28835377,12234385,58368,0.078000,1.682000,1.026000,11.671000,3.687000,1.306000,0.397000,19.847000,58365,3,41,0.999247
84,10.0000,79.0,50,500.0,28828556,12231787,58368,0.078000,1.682000,1.026000,11.329000,3.867000,0.575000,0.409000,18.966000,58365,3,41,0.999247
84,10.0000,76.5,50,500.0,28810485,12225117,58368,0.078000,1.682000,1.026000,11.146000,3.810000,1.282000,0.401000,19.425000,58365,3,41,0.999247
84,10.0000,74.0,50,500.0,28772279,12211197,58368,0.078000,1.682000,1.026000,11.721000,3.201000,0.504000,0.406000,18.618000,58365,3,41,0.999247
84,10.0000,71.5,50,500.0,28706162,12188481,58368,0.078000,1.682000,1.026000,11.203000,3.123000,0.535000,0.396000,18.043000,58365,3,41,0.999247
84,10.0000,69.0,50,500.0,28603369,12153317,58365,0.078000,1.682000,1.026000,11.249000,3.346000,0.518000,0.396000,18.295000,58362,3,44,0.999195
84,10.0000,66.5,50,500.0,28450381,12101244,58359,0.078000,1.682000,1.026000,11.166000,3.033000,0.691000,0.392000,18.068000,58356,3,50,0.999093
84,10.0000,64.0,50,500.0,28238559,12031280,58350,0.078000,1.682000,1.026000,10.421000,3.686000,1.245000,0.402000,18.540000,58347,3,59,0.998939
84,10.0000,61.5,50,500.0,27951762,11935970,58329,0.078000,1.682000,1.026000,10.579000,3.670000,0.545000,0.391000,17.971000,58326,3,80,0.998579
84,10.0000,59.0,50,500.0,27582009,11817485,58306,0.078000,1.682000,1.026000,10.670000,3.658000,0.523000,0.382000,18.019000,58302,4,104,0.998151
84,10.0000,56.5,50,500.0,27103662,11660621,58250,0.078000,1.682000,1.026000,10.337000,3.149000,0.466000,0.394000,17.132000,58246,4,160,0.997192
84,10.0000,54.0,50,500.0,26483341,11464758,58187,0.078000,1.682000,1.026000,10.121000,3.189000,0.815000,0.380000,17.291000,58183,4,223,0.996114
84,10.0000,51.5,50,500.0,25708949,11211449,58016,0.078000,1.682000,1.026000,10.139000,3.013000,0.699000,0.394000,17.031000,58012,4,394,0.993186
84,10.0000,49.0,50,500.0,24757909,10902381,57854,0.078000,1.682000,1.026000,10.107000,2.880000,0.644000,0.390000,16.807000,57850,4,556,0.990413
84,10.0000,46.5,50,500.0,23591930,10517873,57601,0.078000,1.682000,1.026000,9.598000,3.194000,0.550000,0.382000,16.510000,57597,4,809,0.986081
84,10.0000,84.0,55,550.0,28835984,12234109,58307,0.071000,1.506000,0.601000,12.003000,3.462000,0.770000,0.394000,18.807000,58302,5,104,0.998134
84,10.0000,81.5,55,550.0,28835073,12233736,58307,0.071000,1.506000,0.601000,11.865000,3.075000,0.664000,0.392000,18.174000,58302,5,104,0.998134
84,10.0000,79.0,55,550.0,28828264,12231127,58307,0.071000,1.506000,0.601000,10.965000,3.776000,1.275000,0.415000,18.609000,58302,5,104,0.998134
84,10.0000,76.5,55,550.0,28810148,12224362,58307,0.071000,1.506000,0.601000,11.006000,3.111000,1.292000,0.400000,17.987000,58302,5,104,0.998134
84,10.0000,74.0,55,550.0,28771758,12210418,58307,0.071000,1.506000,0.601000,11.202000,3.808000,0.545000,0.397000,18.130000,58302,5,104,0.998134
84,10.0000,71.5,55,550.0,28705808,12187785,58307,0.071000,1.506000,0.601000,10.897000,3.759000,0.541000,0.396000,17.771000,58302,5,104,0.998134
84,10.0000,69.0,55,550.0,28603502,12152707,58304,0.071000,1.506000,0.601000,10.858000,3.807000,0.546000,0.398000,17.787000,58299,5,107,0.998083
84,10.0000,66.5,55,550.0,28449770,12100481,58299,0.071000,1.506000,0.601000,10.653000,3.765000,0.558000,0.398000,17.552000,58294,5,112,0.997997
84,10.0000,64.0,55,550.0,28238400,12030525,58290,0.071000,1.506000,0.601000,10.816000,3.726000,0.559000,0.382000,17.661000,58285,5,121,0.997843
84,10.0000,61.5,55,550.0,27951415,11935718,58266,0.071000,1.506000,0.601000,10.436000,3.143000,0.783000,0.376000,16.916000,58261,5,145,0.997432
84,10.0000,59.0,55,550.0,27580949,11816500,58242,0.071000,1.506000,0.601000,10.854000,2.926000,0.681000,0.395000,17.034000,58236,6,170,0.996987
84,10.0000,56.5,55,550.0,27103837,11659915,58188,0.071000,1.506000,0.601000,10.292000,3.297000,0.510000,0.412000,16.689000,58182,6,224,0.996062
84,10.0000,54.0,55,550.0,26482443,11464009,58126,0.071000,1.506000,0.601000,10.232000,3.060000,0.595000,0.402000,16.467000,58120,6,286,0.995001
84,10.0000,51.5,55,550.0,25708365,11211028,57963,0.071000,1.506000,0.601000,9.973000,2.955000,0.672000,0.385000,16.163000,57957,6,449,0.992211
84,10.0000,49.0,55,550.0,24757924,10901463,57795,0.071000,1.506000,0.601000,9.820000,2.827000,0.666000,0.381000,15.872000,57789,6,617,0.989334
84,10.0000,84.0,60,600.0,28834014,12232501,58130,0.068000,1.370000,0.592000,11.156000,3.129000,0.411000,1.914000,18.640000,58126,4,280,0.995138
84,10.0000,81.5,60,600.0,28833049,12232100,58130,0.068000,1.370000,0.592000,11.377000,4.105000,0.422000,0.373000,18.307000,58126,4,280,0.995138
84,10.0000,79.0,60,600.0,28826400,12229611,58130,0.068000,1.370000,0.592000,11.466000,3.399000,0.782000,0.404000,18.081000,58126,4,280,0.995138
84,10.0000,76.5,60,600.0,28808247,12222840,58130,0.068000,1.370000,0.592000,11.618000,3.424000,0.739000,0.398000,18.209000,58126,4,280,0.995138
84,10.0000,74.0,60,600.0,28769952,12208877,58130,0.068000,1.370000,0.592000,11.657000,3.232000,0.491000,0.392000,17.802000,58126,4,280,0.995138
84,10.0000,71.5,60,600.0,28703675,12186123,58130,0.068000,1.370000,0.592000,11.224000,3.290000,0.692000,0.374000,17.610000,58126,4,280,0.995138
84,10.0000,69.0,60,600.0,28601340,12151158,58128,0.068000,1.370000,0.592000,10.625000,3.563000,0.600000,0.395000,17.213000,58124,4,282,0.995104
84,10.0000,66.5,60,600.0,28447994,12098964,58123,0.068000,1.370000,0.592000,11.064000,3.170000,0.567000,0.412000,17.243000,58119,4,287,0.995018
84,10.0000,64.0,60,600.0,28236354,12028832,58114,0.068000,1.370000,0.592000,10.875000,3.139000,0.726000,0.384000,17.154000,58110,4,296,0.994864
84,10.0000,61.5,60,600.0,27949811,11934200,58089,0.068000,1.370000,0.592000,10.318000,3.725000,0.593000,0.380000,17.046000,58085,4,321,0.994436
84,10.0000,59.0,60,600.0,27579377,11815450,58066,0.068000,1.370000,0.592000,11.032000,3.089000,0.509000,0.382000,17.042000,58062,4,344,0.994042
84,10.0000,56.5,60,600.0,27103459,11658550,58015,0.068000,1.370000,0.592000,10.238000,3.025000,0.497000,0.387000,16.177000,58010,5,396,0.993135
84,10.0000,54.0,60,600.0,26481165,11462356,57951,0.068000,1.370000,0.592000,10.319000,2.829000,0.550000,0.377000,16.105000,57946,5,460,0.992039
84,10.0000,51.5,60,600.0,25706474,11209269,57787,0.068000,1.370000,0.592000,10.399000,2.708000,0.646000,0.492000,16.275000,57782,5,624,0.989231
84,10.0000,84.0,65,650.0,28832587,12230832,57844,0.078000,1.374000,0.592000,11.099000,3.969000,0.423000,0.362000,17.897000,57841,3,565,0.990275
84,10.0000,81.5,65,650.0,28831679,12230447,57844,0.078000,1.374000,0.592000,11.650000,3.014000,0.574000,0.452000,17.734000,57841,3,565,0.990275
84,10.0000,79.0,65,650.0,28824973,12227944,57844,0.078000,1.374000,0.592000,11.031000,3.787000,1.305000,0.382000,18.549000,57841,3,565,0.990275
84,10.0000,76.5,65,650.0,28806735,12221161,57844,0.078000,1.374000,0.592000,10.596000,3.855000,0.596000,0.405000,17.496000,57841,3,565,0.990275
84,10.0000,74.0,65,650.0,28768614,12207197,57844,0.078000,1.374000,0.592000,11.182000,3.267000,0.533000,0.409000,17.435000,57841,3,565,0.990275
84,10.0000,71.5,65,650.0,28702301,12184403,57844,0.078000,1.374000,0.592000,10.756000,3.263000,0.678000,0.381000,17.122000,57841,3,565,0.990275
84,10.0000,69.0,65,650.0,28599496,12149209,57842,0.078000,1.374000,0.592000,10.031000,3.624000,0.590000,0.407000,16.696000,57839,3,567,0.990241
84,10.0000,66.5,65,650.0,28446084,12096997,57836,0.078000,1.374000,0.592000,10.376000,3.694000,0.540000,0.399000,17.053000,57833,3,573,0.990139
84,10.0000,64.0,65,650.0,28235537,12027256,57827,0.078000,1.374000,0.592000,10.773000,3.003000,0.658000,0.400000,16.878000,57824,3,582,0.989984
84,10.0000,84.0,70,700.0,28830515,12228489,57284,0.077000,1.235000,0.605000,11.983000,3.216000,0.486000,0.382000,17.984000,57280,4,1126,0.980654
84,10.8000,84.0,14,151.2,26703608,11909047,58405,0.077000,5.258000,0.557000,11.156000,2.811000,0.669000,0.398000,20.926000,58401,4,5,0.999846
84,10.8000,81.5,14,151.2,26702796,11908703,58405,0.077000,5.258000,0.557000,11.194000,3.005000,0.467000,0.388000,20.946000,58401,4,5,0.999846
84,10.8000,79.0,14,151.2,26696639,11906082,58405,0.077000,5.258000,0.557000,10.318000,3.447000,0.407000,0.372000,20.436000,58401,4,5,0.999846
84,10.8000,76.5,14,151.2,26679530,11899200,58405,0.077000,5.258000,0.557000,10.876000,2.840000,0.635000,0.404000,20.647000,58401,4,5,0.999846
84,10.8000,74.0,14,151.2,26644141,11885055,58405,0.077000,5.258000,0.557000,10.801000,3.004000,0.490000,0.399000,20.586000,58401,4,5,0.999846
84,10.8000,71.5,14,151.2,26583617,11862122,58397,0.077000,5.258000,0.557000,10.426000,3.444000,0.522000,0.399000,20.683000,58393,4,13,0.999709
84,10.8000,69.0,14,151.2,26488662,11827517,58389,0.077000,5.258000,0.557000,10.303000,3.492000,0.499000,0.374000,20.560000,58385,4,21,0.999572
84,10.8000,66.5,14,151.2,26346153,11774777,58372,0.077000,5.258000,0.557000,10.482000,3.172000,0.716000,0.386000,20.648000,58368,4,38,0.999281
84,10.8000,64.0,14,151.2,26152279,11704017,58347,0.077000,5.258000,0.557000,10.018000,3.215000,0.744000,0.396000,20.265000,58343,4,63,0.998853
84,10.8000,61.5,14,151.2,25884527,11608364,58294,0.077000,5.258000,0.557000,9.666000,2.805000,1.292000,0.390000,20.045000,58290,4,116,0.997946
84,10.8000,59.0,14,151.2,25541374,11487189,58218,0.077000,5.258000,0.557000,9.959000,3.054000,0.450000,0.382000,19.737000,58213,5,193,0.996610
84,10.8000,56.5,14,151.2,25097011,11328611,58125,0.077000,5.258000,0.557000,9.295000,3.551000,0.601000,0.396000,19.735000,58120,5,286,0.995018
84,10.8000,54.0,14,151.2,24524863,11128161,57934,0.077000,5.258000,0.557000,9.730000,3.157000,0.499000,0.396000,19.674000,57929,5,477,0.991748
84,10.8000,51.5,14,151.2,23807943,10872460,57710,0.077000,5.258000,0.557000,9.621000,2.586000,0.750000,0.397000,19.246000,57705,5,701,0.987913
84,10.8000,84.0,19,205.2,26703548,11908997,58405,0.079000,3.923000,0.549000,10.159000,3.665000,1.844000,0.393000,20.612000,58402,3,4,0.999880
84,10.8000,81.5,19,205.2,26702734,11908650,58405,0.079000,3.923000,0.549000,10.996000,2.792000,0.738000,0.454000,19.531000,58402,3,4,0.999880
84,10.8000,79.0,19,205.2,26696587,11906035,58405,0.079000,3.923000,0.549000,11.256000,2.829000,0.663000,0.396000,19.695000,58402,3,4,0.999880
84,10.8000,76.5,19,205.2,26679485,11899157,58405,0.079000,3.923000,0.549000,10.535000,3.544000,0.554000,0.385000,19.569000,58402,3,4,0.999880
84,10.8000,74.0,19,205.2,26644103,11885001,58405,0.079000,3.923000,0.549000,10.538000,3.565000,1.225000,0.391000,20.270000,58402,3,4,0.999880
84,10.8000,71.5,19,205.2,26583575,11862072,58397,0.079000,3.923000,0.549000,10.842000,2.988000,0.505000,0.404000,19.290000,58394,3,12,0.999743
84,10.8000,69.0,19,205.2,26488556,11827433,58389,0.079000,3.923000,0.549000,10.486000,2.949000,0.618000,0.458000,19.062000,58386,3,20,0.999606
84,10.8000,66.5,19,205.2,26346067,11774698,58372,0.079000,3.923000,0.549000,9.946000,2.844000,1.089000,0.595000,19.025000,58369,3,37,0.999315
84,10.8000,64.0,19,205.2,26152247,11703998,58347,0.079000,3.923000,0.549000,10.406000,3.110000,0.494000,0.395000,18.956000,58344,3,62,0.998887
84,10.8000,61.5,19,205.2,25884492,11608281,58293,0.079000,3.923000,0.549000,10.034000,3.110000,0.520000,0.403000,18.618000,58290,3,116,0.997963
84,10.8000,59.0,19,205.2,25541289,11487091,58218,0.079000,3.923000,0.549000,9.790000,2.746000,1.057000,0.589000,18.733000,58214,4,192,0.996644
84,10.8000,56.5,19,205.2,25096987,11328595,58125,0.079000,3.923000,0.549000,10.204000,2.703000,0.663000,0.402000,18.523000,58121,4,285,0.995052
84,10.8000,54.0,19,205.2,24524760,11128088,57934,0.079000,3.923000,0.549000,9.388000,2.638000,1.208000,0.373000,18.158000,57930,4,476,0.991782
84,10.8000,51.5,19,205.2,23807822,10872382,57710,0.079000,3.923000,0.549000,9.475000,2.554000,0.516000,0.380000,17.476000,57706,4,700,0.987947
84,10.8000,84.0,23,248.4,26703520,11908958,58405,0.069000,3.181000,1.091000,11.038000,3.113000,0.750000,0.408000,19.650000,58402,3,4,0.999880
84,10.8000,81.5,23,248.4,26702709,11908612,58405,0.069000,3.181000,1.091000,10.711000,2.920000,1.104000,0.575000,19.651000,58402,3,4,0.999880
84,10.8000,79.0,23,248.4,26696557,11905996,58405,0.069000,3.181000,1.091000,11.101000,3.055000,0.441000,0.490000,19.428000,58402,3,4,0.999880
84,10.8000,76.5,23,248.4,26679454,11899104,58405,0.069000,3.181000,1.091000,10.765000,2.798000,0.527000,0.536000,18.967000,58402,3,4,0.999880
84,10.8000,74.0,23,248.4,26644112,11884983,58405,0.069000,3.181000,1.091000,10.552000,3.154000,0.499000,0.402000,18.948000,58402,3,4,0.999880
84,10.8000,71.5,23,248.4,26583573,11862039,58397,0.069000,3.181000,1.091000,10.534000,2.987000,0.449000,0.435000,18.746000,58394,3,12,0.999743
84,10.8000,69.0,23,248.4,26488564,11827401,58389,0.069000,3.181000,1.091000,10.121000,3.300000,1.223000,0.392000,19.377000,58386,3,20,0.999606
84,10.8000,66.5,23,248.4,26345996,11774585,58372,0.069000,3.181000,1.091000,10.306000,3.018000,0.488000,0.398000,18.551000,58369,3,37,0.999315
84,10.8000,64.0,23,248.4,26152255,11703934,58347,0.069000,3.181000,1.091000,9.951000,3.044000,0.479000,0.381000,18.196000,58344,3,62,0.998887
84,10.8000,61.5,23,248.4,25884318,11608205,58295,0.069000,3.181000,1.091000,9.567000,2.795000,1.082000,0.564000,18.349000,58292,3,114,0.997997
84,10.8000,59.0,23,248.4,25541260,11487019,58218,0.069000,3.181000,1.091000,9.687000,3.139000,0.518000,0.395000,18.080000,58214,4,192,0.996644
84,10.8000,56.5,23,248.4,25096967,11328559,58126,0.069000,3.181000,1.091000,9.525000,2.790000,0.484000,0.387000,17.527000,58122,4,284,0.995069
84,10.8000,54.0,23,248.4,24524758,11128089,57935,0.069000,3.181000,1.091000,9.003000,3.091000,0.381000,0.359000,17.175000,57931,4,475,0.991799
84,10.8000,51.5,23,248.4,23807886,10872296,57710,0.069000,3.181000,1.091000,9.406000,2.957000,0.946000,0.391000,18.041000,57706,4,700,0.987947
84,10.8000,84.0,28,302.4,26703330,11908760,58405,0.069000,2.638000,0.541000,10.344000,2.879000,1.490000,0.768000,18.729000,58402,3,4,0.999880
84,10.8000,81.5,28,302.4,26702526,11908418,58405,0.069000,2.638000,0.541000,10.682000,3.127000,0.592000,0.397000,18.046000,58402,3,4,0.999880
84,10.8000,79.0,28,302.4,26696350,11905775,58405,0.069000,2.638000,0.541000,10.914000,3.174000,0.516000,0.401000,18.253000,58402,3,4,0.999880
84,10.8000,76.5,28,302.4,26679270,11898913,58405,0.069000,2.638000,0.541000,10.593000,3.099000,0.733000,0.389000,18.062000,58402,3,4,0.999880
84,10.8000,74.0,28,302.4,26643939,11884803,58405,0.069000,2.638000,0.541000,10.801000,3.221000,0.522000,0.380000,18.172000,58402,3,4,0.999880
84,10.8000,71.5,28,302.4,26583337,11861843,58397,0.069000,2.638000,0.541000,10.751000,2.966000,0.505000,0.400000,17.870000,58394,3,12,0.999743
84,10.8000,69.0,28,302.4,26488357,11827193,58389,0.069000,2.638000,0.541000,10.343000,3.086000,0.483000,0.391000,17.551000,58386,3,20,0.999606
84,10.8000,66.5,28,302.4,26345749,11774302,58372,0.069000,2.638000,0.541000,9.988000,3.265000,0.570000,0.400000,17.471000,58369,3,37,0.999315
84,10.8000,64.0,28,302.4,26151962,11703717,58347,0.069000,2.638000,0.541000,9.838000,3.343000,1.207000,0.386000,18.022000,58344,3,62,0.998887
84,10.8000,61.5,28,302.4,25884253,11608017,58295,0.069000,2.638000,0.541000,9.890000,3.273000,0.575000,0.401000,17.387000,58292,3,114,0.997997
84,10.8000,59.0,28,302.4,25541277,11487020,58220,0.069000,2.638000,0.541000,10.140000,2.860000,0.670000,0.395000,17.313000,58216,4,190,0.996679
84,10.8000,56.5,28,302.4,25096831,11328446,58125,0.069000,2.638000,0.541000,9.554000,3.134000,0.574000,0.372000,16.882000,58121,4,285,0.995052
84,10.8000,54.0,28,302.4,24524499,11127973,57935,0.069000,2.638000,0.541000,9.507000,2.953000,0.459000,0.426000,16.593000,57931,4,475,0.991799
84,10.8000,51.5,28,302.4,23807673,10872209,57709,0.069000,2.638000,0.541000,9.772000,2.713000,0.453000,0.380000,16.566000,57705,4,701,0.987930
84,10.8000,84.0,32,345.6,26703211,11908597,58405,0.069000,2.308000,0.544000,11.125000,2.835000,0.808000,0.389000,18.078000,58402,3,4,0.999880
84,10.8000,81.5,32,345.6,26702395,11908248,58405,0.069000,2.308000,0.544000,10.930000,3.137000,0.484000,0.430000,17.902000,58402,3,4,0.999880
84,10.8000,79.0,32,345.6,26696261,11905626,58405,0.069000,2.308000,0.544000,10.720000,3.375000,0.486000,0.378000,17.880000,58402,3,4,0.999880
84,10.8000,76.5,32,345.6,26679118,11898758,58405,0.069000,2.308000,0.544000,10.809000,2.916000,0.502000,0.388000,17.536000,58402,3,4,0.999880
84,10.8000,74.0,32,345.6,26643882,11884628,58405,0.069000,2.308000,0.544000,10.656000,3.169000,0.487000,0.373000,17.606000,58402,3,4,0.999880
84,10.8000,71.5,32,345.6,26583242,11861630,58397,0.069000,2.308000,0.544000,10.744000,2.817000,0.628000,0.390000,17.500000,58394,3,12,0.999743
84,10.8000,69.0,32,345.6,26488183,11826995,58389,0.069000,2.308000,0.544000,10.455000,3.058000,0.480000,0.381000,17.295000,58386,3,20,0.999606
84,10.8000,66.5,32,345.6,26345595,11774191,58373,0.069000,2.308000,0.544000,10.255000,2.768000,0.576000,0.444000,16.964000,58370,3,36,0.999332
84,10.8000,64.0,32,345.6,26151966,11703523,58347,0.069000,2.308000,0.544000,10.207000,3.062000,0.786000,0.393000,17.369000,58344,3,62,0.998887
84,10.8000,61.5,32,345.6,25884136,11607959,58297,0.069000,2.308000,0.544000,9.950000,2.818000,1.202000,0.389000,17.280000,58294,3,112,0.998031
84,10.8000,59.0,32,345.6,25540870,11486639,58218,0.069000,2.308000,0.544000,9.735000,3.043000,0.516000,0.397000,16.612000,58214,4,192,0.996644
84,10.8000,56.5,32,345.6,25096656,11328086,58123,0.069000,2.308000,0.544000,10.067000,2.993000,0.496000,0.379000,16.856000,58119,4,287,0.995018
84,10.8000,54.0,32,345.6,24524371,11127836,57934,0.069000,2.308000,0.544000,9.474000,2.647000,1.039000,0.592000,16.673000,57930,4,476,0.991782
84,10.8000,51.5,32,345.6,23807213,10871721,57710,0.069000,2.308000,0.544000,9.224000,2.822000,1.144000,0.388000,16.499000,57706,4,700,0.987947
84,10.8000,84.0,37,399.6,26702742,11908216,58397,0.077000,2.118000,0.621000,11.140000,3.083000,0.702000,0.383000,18.124000,58394,3,12,0.999743
84,10.8000,81.5,37,399.6,26701914,11907870,58397,0.077000,2.118000,0.621000,10.775000,2.869000,0.730000,0.410000,17.600000,58394,3,12,0.999743
84,10.8000,79.0,37,399.6,26695810,11905235,58397,0.077000,2.118000,0.621000,10.137000,3.633000,0.403000,0.385000,17.374000,58394,3,12,0.999743
84,10.8000,76.5,37,399.6,26678632,11898340,58397,0.077000,2.118000,0.621000,10.363000,3.192000,0.550000,0.390000,17.311000,58394,3,12,0.999743
84,10.8000,74.0,37,399.6,26643434,11884287,58397,0.077000,2.118000,0.621000,10.131000,3.205000,0.513000,0.416000,17.081000,58394,3,12,0.999743
84,10.8000,71.5,37,399.6,26582835,11861333,58389,0.077000,2.118000,0.621000,10.135000,3.172000,0.553000,0.402000,17.078000,58386,3,20,0.999606
84,10.8000,69.0,37,399.6,26487829,11826660,58381,0.077000,2.118000,0.621000,9.761000,3.021000,1.223000,0.403000,17.224000,58378,3,28,0.999469
84,10.8000,66.5,37,399.6,26345140,11773809,58364,0.077000,2.118000,0.621000,10.048000,3.277000,0.515000,0.389000,17.045000,58361,3,45,0.999178
84,10.8000,64.0,37,399.6,26151634,11703132,58339,0.077000,2.118000,0.621000,9.931000,3.084000,0.731000,0.386000,16.948000,58336,3,70,0.998750
84,10.8000,61.5,37,399.6,25883541,11607553,58289,0.077000,2.118000,0.621000,10.032000,2.820000,0.558000,0.402000,16.628000,58286,3,120,0.997894
84,10.8000,59.0,37,399.6,25540648,11486338,58213,0.077000,2.118000,0.621000,9.841000,2.860000,0.450000,0.385000,16.352000,58209,4,197,0.996559
84,10.8000,56.5,37,399.6,25096447,11327967,58117,0.077000,2.118000,0.621000,9.407000,3.030000,0.512000,0.412000,16.177000,58113,4,293,0.994915
84,10.8000,54.0,37,399.6,24524077,11127598,57927,0.077000,2.118000,0.621000,9.489000,3.089000,1.110000,0.406000,16.910000,57923,4,483,0.991662
84,10.8000,51.5,37,399.6,23806479,10871236,57700,0.077000,2.118000,0.621000,9.328000,2.781000,1.157000,0.385000,16.467000,57696,4,710,0.987776
84,10.8000,84.0,42,453.6,26702287,11907634,58388,0.077000,1.810000,1.017000,11.121000,3.094000,0.863000,0.413000,18.395000,58385,3,21,0.999589
84,10.8000,81.5,42,453.6,26701455,11907271,58388,0.077000,1.810000,1.017000,11.086000,3.212000,0.817000,0.378000,18.397000,58385,3,21,0.999589
84,10.8000,79.0,42,453.6,26695340,11904677,58388,0.077000,1.810000,1.017000,10.809000,2.900000,0.719000,0.395000,17.727000,58385,3,21,0.999589
84,10.8000,76.5,42,453.6,26678218,11897805,58388,0.077000,1.810000,1.017000,10.461000,3.295000,0.521000,0.389000,17.570000,58385,3,21,0.999589
84,10.8000,74.0,42,453.6,26642932,11883681,58388,0.077000,1.810000,1.017000,10.750000,3.081000,0.760000,0.394000,17.889000,58385,3,21,0.999589
84,10.8000,71.5,42,453.6,26582275,11860665,58380,0.077000,1.810000,1.017000,10.209000,3.514000,0.627000,0.385000,17.639000,58377,3,29,0.999452
84,10.8000,69.0,42,453.6,26487279,11825954,58372,0.077000,1.810000,1.017000,10.412000,2.875000,0.650000,0.398000,17.239000,58369,3,37,0.999315
84,10.8000,66.5,42,453.6,26344751,11773243,58356,0.077000,1.810000,1.017000,10.247000,3.033000,0.694000,0.398000,17.276000,58353,3,53,0.999041
84,10.8000,64.0,42,453.6,26151122,11702549,58331,0.077000,1.810000,1.017000,9.685000,3.440000,0.472000,0.402000,16.903000,58328,3,78,0.998613
84,10.8000,61.5,42,453.6,25883076,11607064,58282,0.077000,1.810000,1.017000,9.662000,2.949000,0.486000,0.384000,16.385000,58279,3,127,0.997774
84,10.8000,59.0,42,453.6,25540259,11485858,58207,0.077000,1.810000,1.017000,9.534000,2.745000,0.605000,0.386000,16.174000,58203,4,203,0.996456
84,10.8000,56.5,42,453.6,25096186,11327523,58113,0.077000,1.810000,1.017000,9.595000,2.976000,0.530000,0.376000,16.381000,58109,4,297,0.994847
84,10.8000,54.0,42,453.6,24523550,11126883,57923,0.077000,1.810000,1.017000,9.302000,2.623000,0.581000,0.379000,15.789000,57919,4,487,0.991594
84,10.8000,51.5,42,453.6,23806089,10870827,57697,0.077000,1.810000,1.017000,9.160000,2.554000,0.596000,0.370000,15.584000,57693,4,713,0.987725
84,10.8000,84.0,46,496.8,26701649,11906941,58376,0.069000,1.676000,0.544000,11.386000,2.858000,0.663000,0.392000,17.588000,58372,4,34,0.999349
84,10.8000,81.5,46,496.8,26700801,11906571,58376,0.069000,1.676000,0.544000,11.144000,3.141000,0.481000,0.409000,17.464000,58372,4,34,0.999349
84,10.8000,79.0,46,496.8,26694684,11903972,58376,0.069000,1.676000,0.544000,11.093000,2.827000,0.621000,0.383000,17.213000,58372,4,34,0.999349
84,10.8000,76.5,46,496.8,26677403,11897041,58376,0.069000,1.676000,0.544000,10.591000,3.237000,0.881000,0.416000,17.414000,58372,4,34,0.999349
84,10.8000,74.0,46,496.8,26642253,11883028,58376,0.069000,1.676000,0.544000,10.380000,3.165000,0.584000,0.383000,16.801000,58372,4,34,0.999349
84,10.8000,71.5,46,496.8,26581631,11860015,58368,0.069000,1.676000,0.544000,10.177000,3.156000,0.821000,0.424000,16.867000,58364,4,42,0.999212
84,10.8000,69.0,46,496.8,26486832,11825431,58360,0.069000,1.676000,0.544000,10.564000,2.953000,0.655000,0.376000,16.837000,58356,4,50,0.999076
84,10.8000,66.5,46,496.8,26344056,11772655,58344,0.069000,1.676000,0.544000,10.015000,3.190000,0.520000,0.414000,16.428000,58340,4,66,0.998802
84,10.8000,64.0,46,496.8,26150220,11701845,58320,0.069000,1.676000,0.544000,9.982000,3.288000,0.512000,0.388000,16.459000,58316,4,90,0.998391
84,10.8000,61.5,46,496.8,25882600,11606425,58267,0.069000,1.676000,0.544000,10.122000,2.827000,0.724000,0.388000,16.350000,58263,4,143,0.997483
84,10.8000,59.0,46,496.8,25539697,11485261,58193,0.069000,1.676000,0.544000,10.147000,2.824000,0.519000,0.404000,16.183000,58188,5,218,0.996182
84,10.8000,56.5,46,496.8,25096164,11327052,58097,0.069000,1.676000,0.544000,9.797000,2.707000,1.174000,0.388000,16.355000,58092,5,314,0.994539
84,10.8000,54.0,46,496.8,24522835,11126383,57907,0.069000,1.676000,0.544000,9.803000,2.803000,0.726000,0.397000,16.018000,57902,5,504,0.991286
84,10.8000,51.5,46,496.8,23806313,10870270,57672,0.069000,1.676000,0.544000,9.386000,2.556000,1.018000,0.597000,15.846000,57667,5,739,0.987263
84,10.8000,84.0,51,550.8,26700454,11905865,58297,0.069000,1.461000,1.028000,11.143000,2.866000,0.562000,0.379000,17.508000,58294,3,112,0.998031
84,10.8000,81.5,51,550.8,26699563,11905472,58297,0.069000,1.461000,1.028000,10.983000,3.062000,0.763000,0.408000,17.774000,58294,3,112,0.998031
84,10.8000,79.0,51,550.8,26693475,11902864,58297,0.069000,1.461000,1.028000,11.285000,2.986000,0.503000,0.386000,17.718000,58294,3,112,0.998031
84,10.8000,76.5,51,550.8,26676300,11896019,58297,0.069000,1.461000,1.028000,10.906000,2.773000,0.615000,0.435000,17.287000,58294,3,112,0.998031
84,10.8000,74.0,51,550.8,26641114,11881892,58297,0.069000,1.461000,1.028000,10.245000,3.360000,1.252000,0.400000,17.815000,58294,3,112,0.998031
84,10.8000,71.5,51,550.8,26580403,11858943,58289,0.069000,1.461000,1.028000,10.736000,2.985000,0.502000,0.395000,17.176000,58286,3,120,0.997894
84,10.8000,69.0,51,550.8,26485318,11824264,58281,0.069000,1.461000,1.028000,10.096000,3.214000,0.553000,0.391000,16.812000,58278,3,128,0.997757
84,10.8000,66.5,51,550.8,26343006,11771527,58266,0.069000,1.461000,1.028000,10.458000,2.975000,0.520000,0.401000,16.912000,58263,3,143,0.997500
84,10.8000,64.0,51,550.8,26149133,11700821,58243,0.069000,1.461000,1.028000,10.452000,2.908000,0.468000,0.384000,16.770000,58240,3,166,0.997107
84,10.8000,61.5,51,550.8,25881839,11605857,58192,0.069000,1.461000,1.028000,9.775000,3.239000,0.614000,0.383000,16.569000,58189,3,217,0.996233
84,10.8000,59.0,51,550.8,25538026,11484159,58111,0.069000,1.461000,1.028000,9.851000,2.850000,0.461000,0.378000,16.098000,58107,4,299,0.994813
84,10.8000,56.5,51,550.8,25095304,11325660,58028,0.069000,1.461000,1.028000,9.572000,2.710000,0.570000,0.383000,15.793000,58024,4,382,0.993392
84,10.8000,54.0,51,550.8,24521092,11125263,57832,0.069000,1.461000,1.028000,9.468000,3.082000,0.594000,0.372000,16.074000,57828,4,578,0.990036
84,10.8000,51.5,51,550.8,23804917,10869734,57605,0.069000,1.461000,1.028000,9.210000,2.862000,0.548000,0.407000,15.585000,57601,4,805,0.986150
84,10.8000,84.0,56,604.8,26699046,11904309,58134,0.078000,1.417000,0.883000,10.928000,2.881000,1.074000,0.569000,17.830000,58132,2,274,0.995275
84,10.8000,81.5,56,604.8,26698227,11903956,58134,0.078000,1.417000,0.883000,10.871000,2.970000,0.580000,0.389000,17.188000,58132,2,274,0.995275
84,10.8000,79.0,56,604.8,26692083,11901318,58134,0.078000,1.417000,0.883000,11.069000,2.942000,0.544000,0.387000,17.320000,58132,2,274,0.995275
84,10.8000,76.5,56,604.8,26674961,11894512,58134,0.078000,1.417000,0.883000,10.768000,2.886000,1.244000,0.375000,17.651000,58132,2,274,0.995275
84,10.8000,74.0,56,604.8,26639694,11880346,58134,0.078000,1.417000,0.883000,10.241000,2.874000,1.248000,0.378000,17.119000,58132,2,274,0.995275
84,10.8000,71.5,56,604.8,26579037,11857402,58126,0.078000,1.417000,0.883000,10.413000,3.260000,0.520000,0.409000,16.980000,58124,2,282,0.995138
84,10.8000,69.0,56,604.8,26483462,11822595,58117,0.078000,1.417000,0.883000,10.471000,2.821000,0.660000,0.389000,16.719000,58115,2,291,0.994984
84,10.8000,66.5,56,604.8,26341316,11769990,58101,0.078000,1.417000,0.883000,9.639000,3.414000,0.399000,0.381000,16.211000,58099,2,307,0.994710
84,10.8000,64.0,56,604.8,26147864,11699341,58082,0.078000,1.417000,0.883000,9.864000,3.394000,1.224000,0.394000,17.254000,58080,2,326,0.994384
84,10.8000,61.5,56,604.8,25880441,11604173,58032,0.078000,1.417000,0.883000,10.109000,2.948000,0.471000,0.390000,16.296000,58030,2,376,0.993528
84,10.8000,59.0,56,604.8,25536717,11482451,57957,0.078000,1.417000,0.883000,9.989000,2.944000,0.461000,0.385000,16.157000,57955,2,451,0.992244
84,10.8000,56.5,56,604.8,25095031,11324062,57870,0.078000,1.417000,0.883000,9.671000,3.240000,1.173000,0.382000,16.844000,57867,3,539,0.990721
84,10.8000,54.0,56,604.8,24520896,11124226,57672,0.078000,1.417000,0.883000,9.370000,3.086000,1.168000,0.390000,16.392000,57669,3,737,0.987331
84,10.8000,84.0,60,648.0,26698020,11903027,57855,0.077000,1.346000,1.081000,11.178000,3.197000,0.817000,0.386000,18.082000,57852,3,554,0.990464
84,10.8000,81.5,60,648.0,26697182,11902660,57855,0.077000,1.346000,1.081000,10.958000,3.042000,0.720000,0.399000,17.623000,57852,3,554,0.990464
84,10.8000,79.0,60,648.0,26691044,11900052,57855,0.077000,1.346000,1.081000,10.929000,3.093000,0.527000,0.408000,17.461000,57852,3,554,0.990464
84,10.8000,76.5,60,648.0,26673812,11893170,57855,0.077000,1.346000,1.081000,11.021000,2.972000,0.504000,0.394000,17.395000,57852,3,554,0.990464
84,10.8000,74.0,60,648.0,26638637,11879250,57855,0.077000,1.346000,1.081000,10.762000,2.809000,0.662000,0.394000,17.131000,57852,3,554,0.990464
84,10.8000,71.5,60,648.0,26577860,11856290,57846,0.077000,1.346000,1.081000,10.216000,2.886000,1.228000,0.398000,17.232000,57843,3,563,0.990310
84,10.8000,69.0,60,648.0,26482243,11821150,57838,0.077000,1.346000,1.081000,10.491000,3.080000,0.487000,0.393000,16.955000,57835,3,571,0.990173
84,10.8000,66.5,60,648.0,26339993,11768617,57826,0.077000,1.346000,1.081000,10.416000,3.072000,0.753000,0.377000,17.122000,57823,3,583,0.989967
84,10.8000,84.0,65,702.0,26695863,11900586,57256,0.078000,1.269000,1.083000,11.251000,2.933000,0.509000,0.389000,17.512000,57251,5,1155,0.980141
84,12.0000,84.0,13,156.0,24036140,11366566,57622,0.077000,5.089000,0.497000,9.242000,2.902000,1.799000,0.375000,19.981000,57618,4,788,0.986441
